ID,postCode
1plz,01067
2plz,01069
3plz,01097
4plz,01099
5plz,01108
6plz,01109
7plz,01127
8plz,01129
9plz,01139
10plz,01156
11plz,01157
12plz,01159
13plz,01169
14plz,01187
15plz,01189
16plz,01217
17plz,01219
18plz,01237
19plz,01239
20plz,01257
21plz,01259
22plz,01277
23plz,01279
24plz,01307
25plz,01309
26plz,01324
27plz,01326
28plz,01328
29plz,01445
30plz,01454
31plz,01458
32plz,01465
33plz,01468
34plz,01471
35plz,01477
36plz,01558
37plz,01561
38plz,01587
39plz,01589
40plz,01591
41plz,01594
42plz,01609
43plz,01612
44plz,01616
45plz,01619
46plz,01623
47plz,01640
48plz,01662
49plz,01665
50plz,01683
51plz,01689
52plz,01705
53plz,01723
54plz,01728
55plz,01731
56plz,01734
57plz,01737
58plz,01738
59plz,01744
60plz,01762
61plz,01768
62plz,01773
63plz,01774
64plz,01776
65plz,01778
66plz,01796
67plz,01809
68plz,01814
69plz,01816
70plz,01819
71plz,01824
72plz,01825
73plz,01829
74plz,01833
75plz,01844
76plz,01847
77plz,01848
78plz,01855
79plz,01877
80plz,01896
81plz,01900
82plz,01904
83plz,01906
84plz,01909
85plz,01917
86plz,01920
87plz,01936
88plz,01945
89plz,01968
90plz,01979
91plz,01983
92plz,01987
93plz,01990
94plz,01993
95plz,01994
96plz,01996
97plz,01998
98plz,02625
99plz,02627
100plz,02633
101plz,02681
102plz,02689
103plz,02692
104plz,02694
105plz,02699
106plz,02708
107plz,02727
108plz,02730
109plz,02733
110plz,02736
111plz,02739
112plz,02742
113plz,02747
114plz,02748
115plz,02763
116plz,02779
117plz,02782
118plz,02785
119plz,02788
120plz,02791
121plz,02794
122plz,02796
123plz,02797
124plz,02799
125plz,02826
126plz,02827
127plz,02828
128plz,02829
129plz,02894
130plz,02899
131plz,02906
132plz,02923
133plz,02929
134plz,02943
135plz,02953
136plz,02956
137plz,02957
138plz,02959
139plz,02977
140plz,02979
141plz,02991
142plz,02994
143plz,02997
144plz,02999
145plz,03042
146plz,03044
147plz,03046
148plz,03048
149plz,03050
150plz,03051
151plz,03052
152plz,03053
153plz,03054
154plz,03055
155plz,03058
156plz,03096
157plz,03099
158plz,03103
159plz,03116
160plz,03119
161plz,03130
162plz,03149
163plz,03159
164plz,03172
165plz,03185
166plz,03197
167plz,03205
168plz,03222
169plz,03226
170plz,03229
171plz,03238
172plz,03246
173plz,03249
174plz,03253
175plz,04103
176plz,04105
177plz,04107
178plz,04109
179plz,04129
180plz,04155
181plz,04157
182plz,04158
183plz,04159
184plz,04177
185plz,04178
186plz,04179
187plz,04205
188plz,04207
189plz,04209
190plz,04229
191plz,04249
192plz,04275
193plz,04277
194plz,04279
195plz,04288
196plz,04289
197plz,04299
198plz,04315
199plz,04316
200plz,04317
201plz,04318
202plz,04319
203plz,04328
204plz,04329
205plz,04347
206plz,04349
207plz,04356
208plz,04357
209plz,04416
210plz,04420
211plz,04425
212plz,04435
213plz,04442
214plz,04451
215plz,04463
216plz,04509
217plz,04519
218plz,04523
219plz,04539
220plz,04552
221plz,04564
222plz,04565
223plz,04567
224plz,04571
225plz,04575
226plz,04600
227plz,04603
228plz,04610
229plz,04613
230plz,04617
231plz,04618
232plz,04626
233plz,04639
234plz,04643
235plz,04651
236plz,04654
237plz,04655
238plz,04657
239plz,04668
240plz,04680
241plz,04683
242plz,04687
243plz,04703
244plz,04720
245plz,04736
246plz,04741
247plz,04746
248plz,04749
249plz,04758
250plz,04769
251plz,04774
252plz,04779
253plz,04808
254plz,04821
255plz,04824
256plz,04827
257plz,04828
258plz,04838
259plz,04849
260plz,04860
261plz,04861
262plz,04862
263plz,04874
264plz,04880
265plz,04886
266plz,04889
267plz,04895
268plz,04910
269plz,04916
270plz,04924
271plz,04928
272plz,04931
273plz,04932
274plz,04934
275plz,04936
276plz,04938
277plz,06108
278plz,06110
279plz,06112
280plz,06114
281plz,06116
282plz,06118
283plz,06120
284plz,06122
285plz,06124
286plz,06126
287plz,06128
288plz,06130
289plz,06132
290plz,06179
291plz,06184
292plz,06188
293plz,06193
294plz,06198
295plz,06217
296plz,06231
297plz,06237
298plz,06242
299plz,06246
300plz,06249
301plz,06255
302plz,06258
303plz,06259
304plz,06268
305plz,06279
306plz,06295
307plz,06308
308plz,06311
309plz,06313
310plz,06317
311plz,06333
312plz,06343
313plz,06347
314plz,06366
315plz,06369
316plz,06385
317plz,06386
318plz,06388
319plz,06406
320plz,06408
321plz,06420
322plz,06425
323plz,06429
324plz,06449
325plz,06456
326plz,06458
327plz,06463
328plz,06464
329plz,06466
330plz,06467
331plz,06469
332plz,06484
333plz,06485
334plz,06493
335plz,06502
336plz,06526
337plz,06528
338plz,06536
339plz,06537
340plz,06542
341plz,06543
342plz,06556
343plz,06567
344plz,06571
345plz,06577
346plz,06578
347plz,06618
348plz,06628
349plz,06632
350plz,06636
351plz,06638
352plz,06642
353plz,06647
354plz,06648
355plz,06667
356plz,06679
357plz,06682
358plz,06686
359plz,06688
360plz,06711
361plz,06712
362plz,06721
363plz,06722
364plz,06729
365plz,06749
366plz,06766
367plz,06772
368plz,06773
369plz,06774
370plz,06779
371plz,06780
372plz,06785
373plz,06792
374plz,06794
375plz,06796
376plz,06800
377plz,06803
378plz,06808
379plz,06809
380plz,06842
381plz,06844
382plz,06846
383plz,06847
384plz,06849
385plz,06861
386plz,06862
387plz,06868
388plz,06869
389plz,06886
390plz,06888
391plz,06889
392plz,06895
393plz,06901
394plz,06905
395plz,06917
396plz,06925
397plz,07318
398plz,07330
399plz,07333
400plz,07334
401plz,07338
402plz,07343
403plz,07349
404plz,07356
405plz,07366
406plz,07368
407plz,07381
408plz,07387
409plz,07389
410plz,07407
411plz,07422
412plz,07426
413plz,07427
414plz,07429
415plz,07545
416plz,07546
417plz,07548
418plz,07549
419plz,07551
420plz,07552
421plz,07554
422plz,07557
423plz,07570
424plz,07580
425plz,07586
426plz,07589
427plz,07607
428plz,07613
429plz,07616
430plz,07619
431plz,07629
432plz,07639
433plz,07646
434plz,07743
435plz,07745
436plz,07747
437plz,07749
438plz,07751
439plz,07768
440plz,07774
441plz,07778
442plz,07806
443plz,07819
444plz,07907
445plz,07919
446plz,07922
447plz,07924
448plz,07926
449plz,07927
450plz,07929
451plz,07937
452plz,07950
453plz,07952
454plz,07955
455plz,07957
456plz,07958
457plz,07973
458plz,07980
459plz,07985
460plz,07987
461plz,08056
462plz,08058
463plz,08060
464plz,08062
465plz,08064
466plz,08066
467plz,08107
468plz,08112
469plz,08115
470plz,08118
471plz,08132
472plz,08134
473plz,08141
474plz,08144
475plz,08147
476plz,08209
477plz,08223
478plz,08228
479plz,08233
480plz,08236
481plz,08237
482plz,08239
483plz,08248
484plz,08258
485plz,08261
486plz,08262
487plz,08267
488plz,08280
489plz,08289
490plz,08294
491plz,08297
492plz,08301
493plz,08304
494plz,08309
495plz,08315
496plz,08321
497plz,08324
498plz,08328
499plz,08340
500plz,08344
501plz,08349
502plz,08352
503plz,08359
504plz,08371
505plz,08373
506plz,08393
507plz,08396
508plz,08412
509plz,08427
510plz,08428
511plz,08451
512plz,08459
513plz,08468
514plz,08485
515plz,08491
516plz,08496
517plz,08499
518plz,08523
519plz,08525
520plz,08527
521plz,08529
522plz,08538
523plz,08539
524plz,08541
525plz,08543
526plz,08547
527plz,08548
528plz,08606
529plz,08626
530plz,08645
531plz,08648
532plz,09111
533plz,09112
534plz,09113
535plz,09114
536plz,09116
537plz,09117
538plz,09119
539plz,09120
540plz,09122
541plz,09123
542plz,09125
543plz,09126
544plz,09127
545plz,09128
546plz,09130
547plz,09131
548plz,09212
549plz,09217
550plz,09221
551plz,09224
552plz,09228
553plz,09232
554plz,09235
555plz,09236
556plz,09241
557plz,09243
558plz,09244
559plz,09247
560plz,09249
561plz,09306
562plz,09322
563plz,09326
564plz,09328
565plz,09337
566plz,09350
567plz,09353
568plz,09355
569plz,09356
570plz,09366
571plz,09376
572plz,09380
573plz,09385
574plz,09387
575plz,09390
576plz,09392
577plz,09394
578plz,09399
579plz,09405
580plz,09419
581plz,09423
582plz,09427
583plz,09429
584plz,09430
585plz,09432
586plz,09434
587plz,09437
588plz,09439
589plz,09456
590plz,09465
591plz,09468
592plz,09471
593plz,09474
594plz,09477
595plz,09481
596plz,09484
597plz,09487
598plz,09488
599plz,09496
600plz,09509
601plz,09514
602plz,09518
603plz,09526
604plz,09544
605plz,09548
606plz,09557
607plz,09569
608plz,09573
609plz,09575
610plz,09577
611plz,09579
612plz,09599
613plz,09600
614plz,09603
615plz,09618
616plz,09619
617plz,09623
618plz,09627
619plz,09629
620plz,09633
621plz,09634
622plz,09638
623plz,09648
624plz,09661
625plz,09669
626plz,10115
627plz,10117
628plz,10119
629plz,10178
630plz,10179
631plz,10243
632plz,10245
633plz,10247
634plz,10249
635plz,10315
636plz,10317
637plz,10318
638plz,10319
639plz,10365
640plz,10367
641plz,10369
642plz,10405
643plz,10407
644plz,10409
645plz,10435
646plz,10437
647plz,10439
648plz,10551
649plz,10553
650plz,10555
651plz,10557
652plz,10559
653plz,10585
654plz,10587
655plz,10589
656plz,10623
657plz,10625
658plz,10627
659plz,10629
660plz,10707
661plz,10709
662plz,10711
663plz,10713
664plz,10715
665plz,10717
666plz,10719
667plz,10777
668plz,10779
669plz,10781
670plz,10783
671plz,10785
672plz,10787
673plz,10789
674plz,10823
675plz,10825
676plz,10827
677plz,10829
678plz,10961
679plz,10963
680plz,10965
681plz,10967
682plz,10969
683plz,10997
684plz,10999
685plz,12043
686plz,12045
687plz,12047
688plz,12049
689plz,12051
690plz,12053
691plz,12055
692plz,12057
693plz,12059
694plz,12099
695plz,12101
696plz,12103
697plz,12105
698plz,12107
699plz,12109
700plz,12157
701plz,12159
702plz,12161
703plz,12163
704plz,12165
705plz,12167
706plz,12169
707plz,12203
708plz,12205
709plz,12207
710plz,12209
711plz,12247
712plz,12249
713plz,12277
714plz,12279
715plz,12305
716plz,12307
717plz,12309
718plz,12347
719plz,12349
720plz,12351
721plz,12353
722plz,12355
723plz,12357
724plz,12359
725plz,12435
726plz,12437
727plz,12439
728plz,12459
729plz,12487
730plz,12489
731plz,12524
732plz,12526
733plz,12527
734plz,12529
735plz,12555
736plz,12557
737plz,12559
738plz,12587
739plz,12589
740plz,12619
741plz,12621
742plz,12623
743plz,12627
744plz,12629
745plz,12679
746plz,12681
747plz,12683
748plz,12685
749plz,12687
750plz,12689
751plz,13051
752plz,13053
753plz,13055
754plz,13057
755plz,13059
756plz,13086
757plz,13088
758plz,13089
759plz,13125
760plz,13127
761plz,13129
762plz,13156
763plz,13158
764plz,13159
765plz,13187
766plz,13189
767plz,13347
768plz,13349
769plz,13351
770plz,13353
771plz,13355
772plz,13357
773plz,13359
774plz,13403
775plz,13405
776plz,13407
777plz,13409
778plz,13435
779plz,13437
780plz,13439
781plz,13465
782plz,13467
783plz,13469
784plz,13503
785plz,13505
786plz,13507
787plz,13509
788plz,13581
789plz,13583
790plz,13585
791plz,13587
792plz,13589
793plz,13591
794plz,13593
795plz,13595
796plz,13597
797plz,13599
798plz,13627
799plz,13629
800plz,14050
801plz,14052
802plz,14053
803plz,14055
804plz,14057
805plz,14059
806plz,14089
807plz,14109
808plz,14129
809plz,14163
810plz,14165
811plz,14167
812plz,14169
813plz,14193
814plz,14195
815plz,14197
816plz,14199
817plz,14467
818plz,14469
819plz,14471
820plz,14473
821plz,14476
822plz,14478
823plz,14480
824plz,14482
825plz,14513
826plz,14532
827plz,14542
828plz,14547
829plz,14548
830plz,14550
831plz,14552
832plz,14554
833plz,14558
834plz,14612
835plz,14621
836plz,14624
837plz,14641
838plz,14656
839plz,14662
840plz,14669
841plz,14712
842plz,14715
843plz,14727
844plz,14728
845plz,14770
846plz,14772
847plz,14774
848plz,14776
849plz,14778
850plz,14789
851plz,14793
852plz,14797
853plz,14798
854plz,14806
855plz,14822
856plz,14823
857plz,14827
858plz,14828
859plz,14913
860plz,14929
861plz,14943
862plz,14947
863plz,14959
864plz,14974
865plz,14979
866plz,15230
867plz,15232
868plz,15234
869plz,15236
870plz,15295
871plz,15299
872plz,15306
873plz,15320
874plz,15324
875plz,15326
876plz,15328
877plz,15344
878plz,15345
879plz,15366
880plz,15370
881plz,15374
882plz,15377
883plz,15378
884plz,15517
885plz,15518
886plz,15526
887plz,15528
888plz,15537
889plz,15562
890plz,15566
891plz,15569
892plz,15711
893plz,15712
894plz,15713
895plz,15732
896plz,15738
897plz,15741
898plz,15745
899plz,15746
900plz,15748
901plz,15749
902plz,15754
903plz,15755
904plz,15757
905plz,15806
906plz,15827
907plz,15831
908plz,15834
909plz,15837
910plz,15838
911plz,15848
912plz,15859
913plz,15864
914plz,15868
915plz,15890
916plz,15898
917plz,15907
918plz,15910
919plz,15913
920plz,15926
921plz,15936
922plz,15938
923plz,16225
924plz,16227
925plz,16230
926plz,16244
927plz,16247
928plz,16248
929plz,16259
930plz,16269
931plz,16278
932plz,16303
933plz,16306
934plz,16307
935plz,16321
936plz,16341
937plz,16348
938plz,16356
939plz,16359
940plz,16515
941plz,16540
942plz,16547
943plz,16548
944plz,16552
945plz,16556
946plz,16559
947plz,16562
948plz,16567
949plz,16727
950plz,16761
951plz,16766
952plz,16767
953plz,16775
954plz,16792
955plz,16798
956plz,16816
957plz,16818
958plz,16827
959plz,16831
960plz,16833
961plz,16835
962plz,16837
963plz,16845
964plz,16866
965plz,16868
966plz,16909
967plz,16928
968plz,16945
969plz,16949
970plz,17033
971plz,17034
972plz,17036
973plz,17039
974plz,17087
975plz,17089
976plz,17091
977plz,17094
978plz,17098
979plz,17099
980plz,17109
981plz,17111
982plz,17121
983plz,17126
984plz,17129
985plz,17139
986plz,17153
987plz,17154
988plz,17159
989plz,17166
990plz,17168
991plz,17179
992plz,17192
993plz,17194
994plz,17207
995plz,17209
996plz,17213
997plz,17214
998plz,17217
999plz,17219
1000plz,17235
1001plz,17237
1002plz,17248
1003plz,17252
1004plz,17255
1005plz,17258
1006plz,17268
1007plz,17279
1008plz,17291
1009plz,17309
1010plz,17321
1011plz,17322
1012plz,17326
1013plz,17328
1014plz,17329
1015plz,17335
1016plz,17337
1017plz,17348
1018plz,17349
1019plz,17358
1020plz,17367
1021plz,17373
1022plz,17375
1023plz,17379
1024plz,17389
1025plz,17390
1026plz,17391
1027plz,17392
1028plz,17398
1029plz,17406
1030plz,17419
1031plz,17424
1032plz,17429
1033plz,17438
1034plz,17440
1035plz,17449
1036plz,17454
1037plz,17459
1038plz,17489
1039plz,17491
1040plz,17493
1041plz,17495
1042plz,17498
1043plz,17506
1044plz,17509
1045plz,18055
1046plz,18057
1047plz,18059
1048plz,18069
1049plz,18106
1050plz,18107
1051plz,18109
1052plz,18119
1053plz,18146
1054plz,18147
1055plz,18181
1056plz,18182
1057plz,18184
1058plz,18190
1059plz,18195
1060plz,18196
1061plz,18198
1062plz,18209
1063plz,18211
1064plz,18225
1065plz,18230
1066plz,18233
1067plz,18236
1068plz,18239
1069plz,18246
1070plz,18249
1071plz,18258
1072plz,18273
1073plz,18276
1074plz,18279
1075plz,18292
1076plz,18299
1077plz,18311
1078plz,18314
1079plz,18317
1080plz,18320
1081plz,18334
1082plz,18337
1083plz,18347
1084plz,18356
1085plz,18374
1086plz,18375
1087plz,18435
1088plz,18437
1089plz,18439
1090plz,18442
1091plz,18445
1092plz,18461
1093plz,18465
1094plz,18469
1095plz,18507
1096plz,18510
1097plz,18513
1098plz,18516
1099plz,18519
1100plz,18528
1101plz,18546
1102plz,18551
1103plz,18556
1104plz,18565
1105plz,18569
1106plz,18573
1107plz,18574
1108plz,18581
1109plz,18586
1110plz,18609
1111plz,19053
1112plz,19055
1113plz,19057
1114plz,19059
1115plz,19061
1116plz,19063
1117plz,19065
1118plz,19067
1119plz,19069
1120plz,19071
1121plz,19073
1122plz,19075
1123plz,19077
1124plz,19079
1125plz,19086
1126plz,19089
1127plz,19205
1128plz,19209
1129plz,19217
1130plz,19230
1131plz,19243
1132plz,19246
1133plz,19249
1134plz,19258
1135plz,19260
1136plz,19273
1137plz,19288
1138plz,19294
1139plz,19300
1140plz,19303
1141plz,19306
1142plz,19309
1143plz,19322
1144plz,19336
1145plz,19339
1146plz,19348
1147plz,19357
1148plz,19370
1149plz,19372
1150plz,19374
1151plz,19376
1152plz,19386
1153plz,19395
1154plz,19399
1155plz,19406
1156plz,19412
1157plz,19417
1158plz,20095
1159plz,20097
1160plz,20099
1161plz,20144
1162plz,20146
1163plz,20148
1164plz,20149
1165plz,20249
1166plz,20251
1167plz,20253
1168plz,20255
1169plz,20257
1170plz,20259
1171plz,20354
1172plz,20355
1173plz,20357
1174plz,20359
1175plz,20457
1176plz,20459
1177plz,20535
1178plz,20537
1179plz,20539
1180plz,21029
1181plz,21031
1182plz,21033
1183plz,21035
1184plz,21037
1185plz,21039
1186plz,21073
1187plz,21075
1188plz,21077
1189plz,21079
1190plz,21107
1191plz,21109
1192plz,21129
1193plz,21147
1194plz,21149
1195plz,21217
1196plz,21218
1197plz,21220
1198plz,21224
1199plz,21227
1200plz,21228
1201plz,21244
1202plz,21255
1203plz,21256
1204plz,21258
1205plz,21259
1206plz,21261
1207plz,21266
1208plz,21271
1209plz,21272
1210plz,21274
1211plz,21279
1212plz,21335
1213plz,21337
1214plz,21339
1215plz,21354
1216plz,21357
1217plz,21358
1218plz,21360
1219plz,21365
1220plz,21368
1221plz,21369
1222plz,21371
1223plz,21376
1224plz,21379
1225plz,21380
1226plz,21382
1227plz,21385
1228plz,21386
1229plz,21388
1230plz,21391
1231plz,21394
1232plz,21395
1233plz,21397
1234plz,21398
1235plz,21400
1236plz,21401
1237plz,21403
1238plz,21406
1239plz,21407
1240plz,21409
1241plz,21423
1242plz,21435
1243plz,21436
1244plz,21438
1245plz,21439
1246plz,21441
1247plz,21442
1248plz,21444
1249plz,21445
1250plz,21447
1251plz,21449
1252plz,21465
1253plz,21481
1254plz,21483
1255plz,21493
1256plz,21502
1257plz,21509
1258plz,21514
1259plz,21516
1260plz,21521
1261plz,21522
1262plz,21524
1263plz,21526
1264plz,21527
1265plz,21529
1266plz,21614
1267plz,21629
1268plz,21635
1269plz,21640
1270plz,21641
1271plz,21643
1272plz,21644
1273plz,21646
1274plz,21647
1275plz,21649
1276plz,21680
1277plz,21682
1278plz,21683
1279plz,21684
1280plz,21698
1281plz,21702
1282plz,21706
1283plz,21709
1284plz,21710
1285plz,21712
1286plz,21714
1287plz,21717
1288plz,21720
1289plz,21723
1290plz,21726
1291plz,21727
1292plz,21729
1293plz,21730
1294plz,21732
1295plz,21734
1296plz,21737
1297plz,21739
1298plz,21745
1299plz,21755
1300plz,21756
1301plz,21762
1302plz,21763
1303plz,21765
1304plz,21769
1305plz,21770
1306plz,21772
1307plz,21775
1308plz,21776
1309plz,21781
1310plz,21782
1311plz,21784
1312plz,21785
1313plz,21787
1314plz,21789
1315plz,22041
1316plz,22043
1317plz,22045
1318plz,22047
1319plz,22049
1320plz,22081
1321plz,22083
1322plz,22085
1323plz,22087
1324plz,22089
1325plz,22111
1326plz,22113
1327plz,22115
1328plz,22117
1329plz,22119
1330plz,22143
1331plz,22145
1332plz,22147
1333plz,22149
1334plz,22159
1335plz,22175
1336plz,22177
1337plz,22179
1338plz,22297
1339plz,22299
1340plz,22301
1341plz,22303
1342plz,22305
1343plz,22307
1344plz,22309
1345plz,22335
1346plz,22337
1347plz,22339
1348plz,22359
1349plz,22391
1350plz,22393
1351plz,22395
1352plz,22397
1353plz,22399
1354plz,22415
1355plz,22417
1356plz,22419
1357plz,22453
1358plz,22455
1359plz,22457
1360plz,22459
1361plz,22523
1362plz,22525
1363plz,22527
1364plz,22529
1365plz,22547
1366plz,22549
1367plz,22559
1368plz,22587
1369plz,22589
1370plz,22605
1371plz,22607
1372plz,22609
1373plz,22761
1374plz,22763
1375plz,22765
1376plz,22767
1377plz,22769
1378plz,22844
1379plz,22846
1380plz,22848
1381plz,22850
1382plz,22851
1383plz,22869
1384plz,22880
1385plz,22885
1386plz,22889
1387plz,22926
1388plz,22927
1389plz,22929
1390plz,22941
1391plz,22946
1392plz,22949
1393plz,22952
1394plz,22955
1395plz,22956
1396plz,22958
1397plz,22959
1398plz,22961
1399plz,22962
1400plz,22964
1401plz,22965
1402plz,22967
1403plz,22969
1404plz,23552
1405plz,23554
1406plz,23556
1407plz,23558
1408plz,23560
1409plz,23562
1410plz,23564
1411plz,23566
1412plz,23568
1413plz,23569
1414plz,23570
1415plz,23611
1416plz,23617
1417plz,23619
1418plz,23623
1419plz,23626
1420plz,23627
1421plz,23628
1422plz,23629
1423plz,23669
1424plz,23683
1425plz,23684
1426plz,23689
1427plz,23701
1428plz,23714
1429plz,23715
1430plz,23717
1431plz,23719
1432plz,23730
1433plz,23738
1434plz,23743
1435plz,23744
1436plz,23746
1437plz,23747
1438plz,23749
1439plz,23758
1440plz,23769
1441plz,23774
1442plz,23775
1443plz,23777
1444plz,23779
1445plz,23795
1446plz,23812
1447plz,23813
1448plz,23815
1449plz,23816
1450plz,23818
1451plz,23820
1452plz,23821
1453plz,23823
1454plz,23824
1455plz,23826
1456plz,23827
1457plz,23829
1458plz,23843
1459plz,23845
1460plz,23847
1461plz,23858
1462plz,23860
1463plz,23863
1464plz,23866
1465plz,23867
1466plz,23869
1467plz,23879
1468plz,23881
1469plz,23883
1470plz,23896
1471plz,23898
1472plz,23899
1473plz,23909
1474plz,23911
1475plz,23919
1476plz,23923
1477plz,23936
1478plz,23942
1479plz,23946
1480plz,23948
1481plz,23966
1482plz,23968
1483plz,23970
1484plz,23972
1485plz,23974
1486plz,23992
1487plz,23996
1488plz,23999
1489plz,24103
1490plz,24105
1491plz,24106
1492plz,24107
1493plz,24109
1494plz,24111
1495plz,24113
1496plz,24114
1497plz,24116
1498plz,24118
1499plz,24119
1500plz,24143
1501plz,24145
1502plz,24146
1503plz,24147
1504plz,24148
1505plz,24149
1506plz,24159
1507plz,24161
1508plz,24211
1509plz,24214
1510plz,24217
1511plz,24220
1512plz,24222
1513plz,24223
1514plz,24226
1515plz,24229
1516plz,24232
1517plz,24235
1518plz,24238
1519plz,24239
1520plz,24241
1521plz,24242
1522plz,24244
1523plz,24245
1524plz,24247
1525plz,24248
1526plz,24250
1527plz,24251
1528plz,24253
1529plz,24254
1530plz,24256
1531plz,24257
1532plz,24259
1533plz,24306
1534plz,24321
1535plz,24326
1536plz,24327
1537plz,24329
1538plz,24340
1539plz,24351
1540plz,24354
1541plz,24357
1542plz,24358
1543plz,24360
1544plz,24361
1545plz,24363
1546plz,24364
1547plz,24366
1548plz,24367
1549plz,24369
1550plz,24376
1551plz,24392
1552plz,24395
1553plz,24398
1554plz,24399
1555plz,24401
1556plz,24402
1557plz,24404
1558plz,24405
1559plz,24407
1560plz,24409
1561plz,24534
1562plz,24536
1563plz,24537
1564plz,24539
1565plz,24558
1566plz,24568
1567plz,24576
1568plz,24582
1569plz,24589
1570plz,24594
1571plz,24598
1572plz,24601
1573plz,24610
1574plz,24613
1575plz,24616
1576plz,24619
1577plz,24620
1578plz,24622
1579plz,24623
1580plz,24625
1581plz,24626
1582plz,24628
1583plz,24629
1584plz,24631
1585plz,24632
1586plz,24634
1587plz,24635
1588plz,24637
1589plz,24638
1590plz,24640
1591plz,24641
1592plz,24643
1593plz,24644
1594plz,24646
1595plz,24647
1596plz,24649
1597plz,24768
1598plz,24782
1599plz,24783
1600plz,24784
1601plz,24787
1602plz,24790
1603plz,24791
1604plz,24793
1605plz,24794
1606plz,24796
1607plz,24797
1608plz,24799
1609plz,24800
1610plz,24802
1611plz,24803
1612plz,24805
1613plz,24806
1614plz,24808
1615plz,24809
1616plz,24811
1617plz,24813
1618plz,24814
1619plz,24816
1620plz,24817
1621plz,24819
1622plz,24837
1623plz,24848
1624plz,24850
1625plz,24852
1626plz,24855
1627plz,24857
1628plz,24860
1629plz,24861
1630plz,24863
1631plz,24864
1632plz,24866
1633plz,24867
1634plz,24869
1635plz,24870
1636plz,24872
1637plz,24873
1638plz,24876
1639plz,24878
1640plz,24879
1641plz,24881
1642plz,24882
1643plz,24884
1644plz,24885
1645plz,24887
1646plz,24888
1647plz,24890
1648plz,24891
1649plz,24893
1650plz,24894
1651plz,24896
1652plz,24897
1653plz,24899
1654plz,24937
1655plz,24939
1656plz,24941
1657plz,24943
1658plz,24944
1659plz,24955
1660plz,24960
1661plz,24963
1662plz,24966
1663plz,24969
1664plz,24972
1665plz,24975
1666plz,24976
1667plz,24977
1668plz,24980
1669plz,24983
1670plz,24986
1671plz,24988
1672plz,24989
1673plz,24991
1674plz,24992
1675plz,24994
1676plz,24996
1677plz,24997
1678plz,24999
1679plz,25335
1680plz,25336
1681plz,25337
1682plz,25348
1683plz,25355
1684plz,25358
1685plz,25361
1686plz,25364
1687plz,25365
1688plz,25368
1689plz,25370
1690plz,25371
1691plz,25373
1692plz,25376
1693plz,25377
1694plz,25379
1695plz,25421
1696plz,25436
1697plz,25451
1698plz,25462
1699plz,25469
1700plz,25474
1701plz,25479
1702plz,25482
1703plz,25485
1704plz,25486
1705plz,25488
1706plz,25489
1707plz,25491
1708plz,25492
1709plz,25494
1710plz,25495
1711plz,25497
1712plz,25499
1713plz,25524
1714plz,25541
1715plz,25548
1716plz,25551
1717plz,25554
1718plz,25557
1719plz,25560
1720plz,25563
1721plz,25566
1722plz,25569
1723plz,25572
1724plz,25573
1725plz,25575
1726plz,25576
1727plz,25578
1728plz,25579
1729plz,25581
1730plz,25582
1731plz,25584
1732plz,25585
1733plz,25587
1734plz,25588
1735plz,25590
1736plz,25591
1737plz,25593
1738plz,25594
1739plz,25596
1740plz,25597
1741plz,25599
1742plz,25693
1743plz,25704
1744plz,25709
1745plz,25712
1746plz,25715
1747plz,25718
1748plz,25719
1749plz,25721
1750plz,25724
1751plz,25725
1752plz,25727
1753plz,25729
1754plz,25746
1755plz,25761
1756plz,25764
1757plz,25767
1758plz,25770
1759plz,25774
1760plz,25776
1761plz,25779
1762plz,25782
1763plz,25785
1764plz,25786
1765plz,25788
1766plz,25791
1767plz,25792
1768plz,25794
1769plz,25795
1770plz,25797
1771plz,25799
1772plz,25813
1773plz,25821
1774plz,25826
1775plz,25832
1776plz,25836
1777plz,25840
1778plz,25842
1779plz,25845
1780plz,25849
1781plz,25850
1782plz,25852
1783plz,25853
1784plz,25855
1785plz,25856
1786plz,25858
1787plz,25859
1788plz,25860
1789plz,25862
1790plz,25863
1791plz,25864
1792plz,25866
1793plz,25867
1794plz,25868
1795plz,25869
1796plz,25870
1797plz,25872
1798plz,25873
1799plz,25876
1800plz,25878
1801plz,25879
1802plz,25881
1803plz,25882
1804plz,25884
1805plz,25885
1806plz,25887
1807plz,25889
1808plz,25899
1809plz,25917
1810plz,25920
1811plz,25923
1812plz,25924
1813plz,25926
1814plz,25927
1815plz,25938
1816plz,25946
1817plz,25980
1818plz,25992
1819plz,25996
1820plz,25997
1821plz,25999
1822plz,26121
1823plz,26122
1824plz,26123
1825plz,26125
1826plz,26127
1827plz,26129
1828plz,26131
1829plz,26133
1830plz,26135
1831plz,26160
1832plz,26169
1833plz,26180
1834plz,26188
1835plz,26197
1836plz,26203
1837plz,26209
1838plz,26215
1839plz,26219
1840plz,26316
1841plz,26340
1842plz,26345
1843plz,26349
1844plz,26382
1845plz,26384
1846plz,26386
1847plz,26388
1848plz,26389
1849plz,26409
1850plz,26419
1851plz,26427
1852plz,26434
1853plz,26441
1854plz,26446
1855plz,26452
1856plz,26465
1857plz,26474
1858plz,26486
1859plz,26487
1860plz,26489
1861plz,26506
1862plz,26524
1863plz,26529
1864plz,26532
1865plz,26548
1866plz,26553
1867plz,26556
1868plz,26571
1869plz,26579
1870plz,26603
1871plz,26605
1872plz,26607
1873plz,26624
1874plz,26629
1875plz,26632
1876plz,26639
1877plz,26655
1878plz,26670
1879plz,26676
1880plz,26683
1881plz,26689
1882plz,26721
1883plz,26723
1884plz,26725
1885plz,26736
1886plz,26757
1887plz,26759
1888plz,26789
1889plz,26802
1890plz,26810
1891plz,26817
1892plz,26826
1893plz,26831
1894plz,26835
1895plz,26842
1896plz,26844
1897plz,26845
1898plz,26847
1899plz,26849
1900plz,26871
1901plz,26892
1902plz,26897
1903plz,26899
1904plz,26901
1905plz,26903
1906plz,26904
1907plz,26906
1908plz,26907
1909plz,26909
1910plz,26919
1911plz,26931
1912plz,26935
1913plz,26936
1914plz,26937
1915plz,26939
1916plz,26954
1917plz,26969
1918plz,27211
1919plz,27232
1920plz,27239
1921plz,27243
1922plz,27245
1923plz,27246
1924plz,27248
1925plz,27249
1926plz,27251
1927plz,27252
1928plz,27254
1929plz,27257
1930plz,27259
1931plz,27283
1932plz,27299
1933plz,27305
1934plz,27308
1935plz,27313
1936plz,27318
1937plz,27321
1938plz,27324
1939plz,27327
1940plz,27330
1941plz,27333
1942plz,27336
1943plz,27337
1944plz,27339
1945plz,27356
1946plz,27367
1947plz,27374
1948plz,27383
1949plz,27386
1950plz,27389
1951plz,27404
1952plz,27412
1953plz,27419
1954plz,27432
1955plz,27442
1956plz,27446
1957plz,27449
1958plz,27472
1959plz,27474
1960plz,27476
1961plz,27478
1962plz,27498
1963plz,27499
1964plz,27568
1965plz,27570
1966plz,27572
1967plz,27574
1968plz,27576
1969plz,27578
1970plz,27580
1971plz,27607
1972plz,27612
1973plz,27616
1974plz,27619
1975plz,27624
1976plz,27628
1977plz,27639
1978plz,27711
1979plz,27721
1980plz,27726
1981plz,27729
1982plz,27749
1983plz,27751
1984plz,27753
1985plz,27755
1986plz,27777
1987plz,27793
1988plz,27798
1989plz,27801
1990plz,27804
1991plz,27809
1992plz,28195
1993plz,28197
1994plz,28199
1995plz,28201
1996plz,28203
1997plz,28205
1998plz,28207
1999plz,28209
2000plz,28211
2001plz,28213
2002plz,28215
2003plz,28217
2004plz,28219
2005plz,28237
2006plz,28239
2007plz,28259
2008plz,28277
2009plz,28279
2010plz,28307
2011plz,28309
2012plz,28325
2013plz,28327
2014plz,28329
2015plz,28355
2016plz,28357
2017plz,28359
2018plz,28717
2019plz,28719
2020plz,28755
2021plz,28757
2022plz,28759
2023plz,28777
2024plz,28779
2025plz,28790
2026plz,28816
2027plz,28832
2028plz,28844
2029plz,28857
2030plz,28865
2031plz,28870
2032plz,28876
2033plz,28879
2034plz,29221
2035plz,29223
2036plz,29225
2037plz,29227
2038plz,29229
2039plz,29303
2040plz,29308
2041plz,29313
2042plz,29320
2043plz,29323
2044plz,29328
2045plz,29331
2046plz,29336
2047plz,29339
2048plz,29342
2049plz,29345
2050plz,29348
2051plz,29351
2052plz,29352
2053plz,29353
2054plz,29355
2055plz,29356
2056plz,29358
2057plz,29359
2058plz,29361
2059plz,29362
2060plz,29364
2061plz,29365
2062plz,29367
2063plz,29369
2064plz,29378
2065plz,29379
2066plz,29386
2067plz,29389
2068plz,29392
2069plz,29393
2070plz,29394
2071plz,29396
2072plz,29399
2073plz,29410
2074plz,29413
2075plz,29416
2076plz,29439
2077plz,29451
2078plz,29456
2079plz,29459
2080plz,29462
2081plz,29465
2082plz,29468
2083plz,29471
2084plz,29472
2085plz,29473
2086plz,29475
2087plz,29476
2088plz,29478
2089plz,29479
2090plz,29481
2091plz,29482
2092plz,29484
2093plz,29485
2094plz,29487
2095plz,29488
2096plz,29490
2097plz,29491
2098plz,29493
2099plz,29494
2100plz,29496
2101plz,29497
2102plz,29499
2103plz,29525
2104plz,29549
2105plz,29553
2106plz,29556
2107plz,29559
2108plz,29562
2109plz,29565
2110plz,29571
2111plz,29574
2112plz,29575
2113plz,29576
2114plz,29578
2115plz,29579
2116plz,29581
2117plz,29582
2118plz,29584
2119plz,29585
2120plz,29587
2121plz,29588
2122plz,29590
2123plz,29591
2124plz,29593
2125plz,29594
2126plz,29597
2127plz,29599
2128plz,29614
2129plz,29633
2130plz,29640
2131plz,29643
2132plz,29646
2133plz,29649
2134plz,29664
2135plz,29683
2136plz,29690
2137plz,29693
2138plz,29699
2139plz,30159
2140plz,30161
2141plz,30163
2142plz,30165
2143plz,30167
2144plz,30169
2145plz,30171
2146plz,30173
2147plz,30175
2148plz,30177
2149plz,30179
2150plz,30419
2151plz,30449
2152plz,30451
2153plz,30453
2154plz,30455
2155plz,30457
2156plz,30459
2157plz,30519
2158plz,30521
2159plz,30539
2160plz,30559
2161plz,30625
2162plz,30627
2163plz,30629
2164plz,30655
2165plz,30657
2166plz,30659
2167plz,30669
2168plz,30823
2169plz,30826
2170plz,30827
2171plz,30851
2172plz,30853
2173plz,30855
2174plz,30880
2175plz,30890
2176plz,30900
2177plz,30916
2178plz,30926
2179plz,30938
2180plz,30952
2181plz,30966
2182plz,30974
2183plz,30982
2184plz,30989
2185plz,31008
2186plz,31020
2187plz,31028
2188plz,31029
2189plz,31032
2190plz,31033
2191plz,31035
2192plz,31036
2193plz,31039
2194plz,31061
2195plz,31073
2196plz,31079
2197plz,31084
2198plz,31089
2199plz,31091
2200plz,31093
2201plz,31094
2202plz,31096
2203plz,31097
2204plz,31099
2205plz,31134
2206plz,31135
2207plz,31137
2208plz,31139
2209plz,31141
2210plz,31157
2211plz,31162
2212plz,31167
2213plz,31171
2214plz,31174
2215plz,31177
2216plz,31180
2217plz,31185
2218plz,31188
2219plz,31191
2220plz,31195
2221plz,31196
2222plz,31199
2223plz,31224
2224plz,31226
2225plz,31228
2226plz,31234
2227plz,31241
2228plz,31246
2229plz,31249
2230plz,31275
2231plz,31303
2232plz,31311
2233plz,31319
2234plz,31515
2235plz,31535
2236plz,31542
2237plz,31547
2238plz,31552
2239plz,31553
2240plz,31555
2241plz,31556
2242plz,31558
2243plz,31559
2244plz,31582
2245plz,31592
2246plz,31595
2247plz,31600
2248plz,31603
2249plz,31604
2250plz,31606
2251plz,31608
2252plz,31609
2253plz,31613
2254plz,31618
2255plz,31619
2256plz,31621
2257plz,31622
2258plz,31623
2259plz,31626
2260plz,31627
2261plz,31628
2262plz,31629
2263plz,31632
2264plz,31633
2265plz,31634
2266plz,31636
2267plz,31637
2268plz,31638
2269plz,31655
2270plz,31675
2271plz,31683
2272plz,31688
2273plz,31691
2274plz,31693
2275plz,31698
2276plz,31699
2277plz,31700
2278plz,31702
2279plz,31707
2280plz,31708
2281plz,31710
2282plz,31711
2283plz,31712
2284plz,31714
2285plz,31715
2286plz,31717
2287plz,31718
2288plz,31719
2289plz,31737
2290plz,31749
2291plz,31785
2292plz,31787
2293plz,31789
2294plz,31812
2295plz,31832
2296plz,31840
2297plz,31848
2298plz,31855
2299plz,31860
2300plz,31863
2301plz,31867
2302plz,31868
2303plz,32049
2304plz,32051
2305plz,32052
2306plz,32105
2307plz,32107
2308plz,32108
2309plz,32120
2310plz,32130
2311plz,32139
2312plz,32257
2313plz,32278
2314plz,32289
2315plz,32312
2316plz,32339
2317plz,32351
2318plz,32361
2319plz,32369
2320plz,32423
2321plz,32425
2322plz,32427
2323plz,32429
2324plz,32457
2325plz,32469
2326plz,32479
2327plz,32545
2328plz,32547
2329plz,32549
2330plz,32584
2331plz,32602
2332plz,32609
2333plz,32657
2334plz,32676
2335plz,32683
2336plz,32689
2337plz,32694
2338plz,32699
2339plz,32756
2340plz,32758
2341plz,32760
2342plz,32791
2343plz,32805
2344plz,32816
2345plz,32825
2346plz,32832
2347plz,32839
2348plz,33014
2349plz,33034
2350plz,33039
2351plz,33098
2352plz,33100
2353plz,33102
2354plz,33104
2355plz,33106
2356plz,33129
2357plz,33142
2358plz,33154
2359plz,33161
2360plz,33165
2361plz,33175
2362plz,33178
2363plz,33181
2364plz,33184
2365plz,33189
2366plz,33330
2367plz,33332
2368plz,33333
2369plz,33334
2370plz,33335
2371plz,33378
2372plz,33397
2373plz,33415
2374plz,33428
2375plz,33442
2376plz,33449
2377plz,33602
2378plz,33604
2379plz,33605
2380plz,33607
2381plz,33609
2382plz,33611
2383plz,33613
2384plz,33615
2385plz,33617
2386plz,33619
2387plz,33647
2388plz,33649
2389plz,33659
2390plz,33689
2391plz,33699
2392plz,33719
2393plz,33729
2394plz,33739
2395plz,33758
2396plz,33775
2397plz,33790
2398plz,33803
2399plz,33813
2400plz,33818
2401plz,33824
2402plz,33829
2403plz,34117
2404plz,34119
2405plz,34121
2406plz,34123
2407plz,34125
2408plz,34127
2409plz,34128
2410plz,34130
2411plz,34131
2412plz,34132
2413plz,34134
2414plz,34212
2415plz,34225
2416plz,34233
2417plz,34246
2418plz,34253
2419plz,34260
2420plz,34266
2421plz,34270
2422plz,34277
2423plz,34281
2424plz,34286
2425plz,34289
2426plz,34292
2427plz,34295
2428plz,34298
2429plz,34302
2430plz,34305
2431plz,34308
2432plz,34311
2433plz,34314
2434plz,34317
2435plz,34320
2436plz,34323
2437plz,34326
2438plz,34327
2439plz,34329
2440plz,34346
2441plz,34355
2442plz,34359
2443plz,34369
2444plz,34376
2445plz,34379
2446plz,34385
2447plz,34388
2448plz,34393
2449plz,34396
2450plz,34399
2451plz,34414
2452plz,34431
2453plz,34434
2454plz,34439
2455plz,34454
2456plz,34466
2457plz,34471
2458plz,34474
2459plz,34477
2460plz,34479
2461plz,34497
2462plz,34508
2463plz,34513
2464plz,34516
2465plz,34519
2466plz,34537
2467plz,34549
2468plz,34560
2469plz,34576
2470plz,34582
2471plz,34587
2472plz,34590
2473plz,34593
2474plz,34596
2475plz,34599
2476plz,34613
2477plz,34621
2478plz,34626
2479plz,34628
2480plz,34630
2481plz,34632
2482plz,34633
2483plz,34637
2484plz,34639
2485plz,35037
2486plz,35039
2487plz,35041
2488plz,35043
2489plz,35066
2490plz,35075
2491plz,35080
2492plz,35083
2493plz,35085
2494plz,35088
2495plz,35091
2496plz,35094
2497plz,35096
2498plz,35099
2499plz,35102
2500plz,35104
2501plz,35108
2502plz,35110
2503plz,35112
2504plz,35114
2505plz,35116
2506plz,35117
2507plz,35119
2508plz,35216
2509plz,35232
2510plz,35236
2511plz,35239
2512plz,35260
2513plz,35274
2514plz,35279
2515plz,35282
2516plz,35285
2517plz,35287
2518plz,35288
2519plz,35305
2520plz,35315
2521plz,35321
2522plz,35325
2523plz,35327
2524plz,35329
2525plz,35390
2526plz,35392
2527plz,35394
2528plz,35396
2529plz,35398
2530plz,35410
2531plz,35415
2532plz,35418
2533plz,35423
2534plz,35428
2535plz,35435
2536plz,35440
2537plz,35444
2538plz,35447
2539plz,35452
2540plz,35457
2541plz,35460
2542plz,35463
2543plz,35466
2544plz,35469
2545plz,35510
2546plz,35516
2547plz,35519
2548plz,35576
2549plz,35578
2550plz,35579
2551plz,35580
2552plz,35581
2553plz,35582
2554plz,35583
2555plz,35584
2556plz,35585
2557plz,35586
2558plz,35606
2559plz,35614
2560plz,35619
2561plz,35625
2562plz,35630
2563plz,35633
2564plz,35638
2565plz,35641
2566plz,35644
2567plz,35647
2568plz,35649
2569plz,35683
2570plz,35684
2571plz,35685
2572plz,35686
2573plz,35687
2574plz,35688
2575plz,35689
2576plz,35690
2577plz,35708
2578plz,35713
2579plz,35716
2580plz,35719
2581plz,35745
2582plz,35753
2583plz,35756
2584plz,35759
2585plz,35764
2586plz,35767
2587plz,35768
2588plz,35781
2589plz,35789
2590plz,35792
2591plz,35794
2592plz,35796
2593plz,35799
2594plz,36037
2595plz,36039
2596plz,36041
2597plz,36043
2598plz,36088
2599plz,36093
2600plz,36100
2601plz,36103
2602plz,36110
2603plz,36115
2604plz,36119
2605plz,36124
2606plz,36129
2607plz,36132
2608plz,36137
2609plz,36142
2610plz,36145
2611plz,36148
2612plz,36151
2613plz,36154
2614plz,36157
2615plz,36160
2616plz,36163
2617plz,36166
2618plz,36167
2619plz,36169
2620plz,36179
2621plz,36199
2622plz,36205
2623plz,36208
2624plz,36211
2625plz,36214
2626plz,36217
2627plz,36219
2628plz,36251
2629plz,36266
2630plz,36269
2631plz,36272
2632plz,36275
2633plz,36277
2634plz,36280
2635plz,36282
2636plz,36284
2637plz,36286
2638plz,36287
2639plz,36289
2640plz,36304
2641plz,36318
2642plz,36320
2643plz,36323
2644plz,36325
2645plz,36326
2646plz,36329
2647plz,36341
2648plz,36355
2649plz,36358
2650plz,36364
2651plz,36367
2652plz,36369
2653plz,36381
2654plz,36391
2655plz,36396
2656plz,36399
2657plz,36404
2658plz,36414
2659plz,36419
2660plz,36433
2661plz,36448
2662plz,36452
2663plz,36456
2664plz,36457
2665plz,36460
2666plz,36466
2667plz,36469
2668plz,37073
2669plz,37075
2670plz,37077
2671plz,37079
2672plz,37081
2673plz,37083
2674plz,37085
2675plz,37115
2676plz,37120
2677plz,37124
2678plz,37127
2679plz,37130
2680plz,37133
2681plz,37136
2682plz,37139
2683plz,37154
2684plz,37170
2685plz,37176
2686plz,37181
2687plz,37186
2688plz,37191
2689plz,37194
2690plz,37197
2691plz,37199
2692plz,37213
2693plz,37214
2694plz,37215
2695plz,37216
2696plz,37217
2697plz,37218
2698plz,37235
2699plz,37242
2700plz,37247
2701plz,37249
2702plz,37269
2703plz,37276
2704plz,37281
2705plz,37284
2706plz,37287
2707plz,37290
2708plz,37293
2709plz,37296
2710plz,37297
2711plz,37299
2712plz,37308
2713plz,37318
2714plz,37327
2715plz,37339
2716plz,37345
2717plz,37351
2718plz,37355
2719plz,37359
2720plz,37412
2721plz,37431
2722plz,37434
2723plz,37441
2724plz,37444
2725plz,37445
2726plz,37447
2727plz,37449
2728plz,37520
2729plz,37539
2730plz,37574
2731plz,37581
2732plz,37586
2733plz,37589
2734plz,37603
2735plz,37619
2736plz,37620
2737plz,37627
2738plz,37632
2739plz,37633
2740plz,37635
2741plz,37639
2742plz,37640
2743plz,37642
2744plz,37643
2745plz,37647
2746plz,37649
2747plz,37671
2748plz,37688
2749plz,37691
2750plz,37696
2751plz,37697
2752plz,37699
2753plz,38100
2754plz,38102
2755plz,38104
2756plz,38106
2757plz,38108
2758plz,38110
2759plz,38112
2760plz,38114
2761plz,38116
2762plz,38118
2763plz,38120
2764plz,38122
2765plz,38124
2766plz,38126
2767plz,38154
2768plz,38159
2769plz,38162
2770plz,38165
2771plz,38170
2772plz,38173
2773plz,38176
2774plz,38179
2775plz,38226
2776plz,38228
2777plz,38229
2778plz,38239
2779plz,38259
2780plz,38268
2781plz,38271
2782plz,38272
2783plz,38274
2784plz,38275
2785plz,38277
2786plz,38279
2787plz,38300
2788plz,38302
2789plz,38304
2790plz,38312
2791plz,38315
2792plz,38319
2793plz,38321
2794plz,38322
2795plz,38324
2796plz,38325
2797plz,38327
2798plz,38329
2799plz,38350
2800plz,38364
2801plz,38368
2802plz,38372
2803plz,38373
2804plz,38375
2805plz,38376
2806plz,38378
2807plz,38379
2808plz,38381
2809plz,38382
2810plz,38384
2811plz,38385
2812plz,38387
2813plz,38388
2814plz,38440
2815plz,38442
2816plz,38444
2817plz,38446
2818plz,38448
2819plz,38458
2820plz,38459
2821plz,38461
2822plz,38462
2823plz,38464
2824plz,38465
2825plz,38467
2826plz,38468
2827plz,38470
2828plz,38471
2829plz,38473
2830plz,38474
2831plz,38476
2832plz,38477
2833plz,38479
2834plz,38486
2835plz,38489
2836plz,38518
2837plz,38524
2838plz,38527
2839plz,38528
2840plz,38530
2841plz,38531
2842plz,38533
2843plz,38536
2844plz,38539
2845plz,38542
2846plz,38543
2847plz,38547
2848plz,38550
2849plz,38551
2850plz,38553
2851plz,38554
2852plz,38556
2853plz,38557
2854plz,38559
2855plz,38640
2856plz,38642
2857plz,38644
2858plz,38667
2859plz,38678
2860plz,38685
2861plz,38690
2862plz,38700
2863plz,38704
2864plz,38707
2865plz,38709
2866plz,38723
2867plz,38729
2868plz,38820
2869plz,38822
2870plz,38828
2871plz,38829
2872plz,38835
2873plz,38836
2874plz,38838
2875plz,38855
2876plz,38871
2877plz,38875
2878plz,38877
2879plz,38879
2880plz,38889
2881plz,38895
2882plz,38899
2883plz,39104
2884plz,39106
2885plz,39108
2886plz,39110
2887plz,39112
2888plz,39114
2889plz,39116
2890plz,39118
2891plz,39120
2892plz,39122
2893plz,39124
2894plz,39126
2895plz,39128
2896plz,39130
2897plz,39164
2898plz,39167
2899plz,39171
2900plz,39175
2901plz,39179
2902plz,39217
2903plz,39218
2904plz,39221
2905plz,39240
2906plz,39245
2907plz,39249
2908plz,39261
2909plz,39264
2910plz,39279
2911plz,39288
2912plz,39291
2913plz,39307
2914plz,39317
2915plz,39319
2916plz,39326
2917plz,39340
2918plz,39343
2919plz,39345
2920plz,39356
2921plz,39359
2922plz,39365
2923plz,39387
2924plz,39393
2925plz,39397
2926plz,39418
2927plz,39435
2928plz,39439
2929plz,39443
2930plz,39444
2931plz,39446
2932plz,39448
2933plz,39517
2934plz,39524
2935plz,39539
2936plz,39576
2937plz,39579
2938plz,39590
2939plz,39596
2940plz,39599
2941plz,39606
2942plz,39615
2943plz,39619
2944plz,39624
2945plz,39629
2946plz,39638
2947plz,39646
2948plz,39649
2949plz,40210
2950plz,40211
2951plz,40212
2952plz,40213
2953plz,40215
2954plz,40217
2955plz,40219
2956plz,40221
2957plz,40223
2958plz,40225
2959plz,40227
2960plz,40229
2961plz,40231
2962plz,40233
2963plz,40235
2964plz,40237
2965plz,40239
2966plz,40468
2967plz,40470
2968plz,40472
2969plz,40474
2970plz,40476
2971plz,40477
2972plz,40479
2973plz,40489
2974plz,40545
2975plz,40547
2976plz,40549
2977plz,40589
2978plz,40591
2979plz,40593
2980plz,40595
2981plz,40597
2982plz,40599
2983plz,40625
2984plz,40627
2985plz,40629
2986plz,40667
2987plz,40668
2988plz,40670
2989plz,40699
2990plz,40721
2991plz,40723
2992plz,40724
2993plz,40764
2994plz,40789
2995plz,40822
2996plz,40878
2997plz,40880
2998plz,40882
2999plz,40883
3000plz,40885
3001plz,41061
3002plz,41063
3003plz,41065
3004plz,41066
3005plz,41068
3006plz,41069
3007plz,41169
3008plz,41179
3009plz,41189
3010plz,41199
3011plz,41236
3012plz,41238
3013plz,41239
3014plz,41334
3015plz,41352
3016plz,41363
3017plz,41366
3018plz,41372
3019plz,41379
3020plz,41460
3021plz,41462
3022plz,41464
3023plz,41466
3024plz,41468
3025plz,41469
3026plz,41470
3027plz,41472
3028plz,41515
3029plz,41516
3030plz,41517
3031plz,41539
3032plz,41540
3033plz,41541
3034plz,41542
3035plz,41564
3036plz,41569
3037plz,41747
3038plz,41748
3039plz,41749
3040plz,41751
3041plz,41812
3042plz,41836
3043plz,41844
3044plz,41849
3045plz,42103
3046plz,42105
3047plz,42107
3048plz,42109
3049plz,42111
3050plz,42113
3051plz,42115
3052plz,42117
3053plz,42119
3054plz,42275
3055plz,42277
3056plz,42279
3057plz,42281
3058plz,42283
3059plz,42285
3060plz,42287
3061plz,42289
3062plz,42327
3063plz,42329
3064plz,42349
3065plz,42369
3066plz,42389
3067plz,42399
3068plz,42477
3069plz,42489
3070plz,42499
3071plz,42549
3072plz,42551
3073plz,42553
3074plz,42555
3075plz,42579
3076plz,42651
3077plz,42653
3078plz,42655
3079plz,42657
3080plz,42659
3081plz,42697
3082plz,42699
3083plz,42719
3084plz,42781
3085plz,42799
3086plz,42853
3087plz,42855
3088plz,42857
3089plz,42859
3090plz,42897
3091plz,42899
3092plz,42929
3093plz,44135
3094plz,44137
3095plz,44139
3096plz,44141
3097plz,44143
3098plz,44145
3099plz,44147
3100plz,44149
3101plz,44225
3102plz,44227
3103plz,44229
3104plz,44263
3105plz,44265
3106plz,44267
3107plz,44269
3108plz,44287
3109plz,44289
3110plz,44309
3111plz,44319
3112plz,44328
3113plz,44329
3114plz,44339
3115plz,44357
3116plz,44359
3117plz,44369
3118plz,44379
3119plz,44388
3120plz,44532
3121plz,44534
3122plz,44536
3123plz,44575
3124plz,44577
3125plz,44579
3126plz,44581
3127plz,44623
3128plz,44625
3129plz,44627
3130plz,44628
3131plz,44629
3132plz,44649
3133plz,44651
3134plz,44652
3135plz,44653
3136plz,44787
3137plz,44789
3138plz,44791
3139plz,44793
3140plz,44795
3141plz,44797
3142plz,44799
3143plz,44801
3144plz,44803
3145plz,44805
3146plz,44807
3147plz,44809
3148plz,44866
3149plz,44867
3150plz,44869
3151plz,44879
3152plz,44892
3153plz,44894
3154plz,45127
3155plz,45128
3156plz,45130
3157plz,45131
3158plz,45133
3159plz,45134
3160plz,45136
3161plz,45138
3162plz,45139
3163plz,45141
3164plz,45143
3165plz,45144
3166plz,45145
3167plz,45147
3168plz,45149
3169plz,45219
3170plz,45239
3171plz,45257
3172plz,45259
3173plz,45276
3174plz,45277
3175plz,45279
3176plz,45289
3177plz,45307
3178plz,45309
3179plz,45326
3180plz,45327
3181plz,45329
3182plz,45355
3183plz,45356
3184plz,45357
3185plz,45359
3186plz,45468
3187plz,45470
3188plz,45472
3189plz,45473
3190plz,45475
3191plz,45476
3192plz,45478
3193plz,45479
3194plz,45481
3195plz,45525
3196plz,45527
3197plz,45529
3198plz,45549
3199plz,45657
3200plz,45659
3201plz,45661
3202plz,45663
3203plz,45665
3204plz,45699
3205plz,45701
3206plz,45711
3207plz,45721
3208plz,45731
3209plz,45739
3210plz,45768
3211plz,45770
3212plz,45772
3213plz,45879
3214plz,45881
3215plz,45883
3216plz,45884
3217plz,45886
3218plz,45888
3219plz,45889
3220plz,45891
3221plz,45892
3222plz,45894
3223plz,45896
3224plz,45897
3225plz,45899
3226plz,45964
3227plz,45966
3228plz,45968
3229plz,46045
3230plz,46047
3231plz,46049
3232plz,46117
3233plz,46119
3234plz,46145
3235plz,46147
3236plz,46149
3237plz,46236
3238plz,46238
3239plz,46240
3240plz,46242
3241plz,46244
3242plz,46282
3243plz,46284
3244plz,46286
3245plz,46325
3246plz,46342
3247plz,46348
3248plz,46354
3249plz,46359
3250plz,46395
3251plz,46397
3252plz,46399
3253plz,46414
3254plz,46419
3255plz,46446
3256plz,46459
3257plz,46483
3258plz,46485
3259plz,46487
3260plz,46499
3261plz,46509
3262plz,46514
3263plz,46519
3264plz,46535
3265plz,46537
3266plz,46539
3267plz,46562
3268plz,46569
3269plz,47051
3270plz,47053
3271plz,47055
3272plz,47057
3273plz,47058
3274plz,47059
3275plz,47119
3276plz,47137
3277plz,47138
3278plz,47139
3279plz,47166
3280plz,47167
3281plz,47169
3282plz,47178
3283plz,47179
3284plz,47198
3285plz,47199
3286plz,47226
3287plz,47228
3288plz,47229
3289plz,47239
3290plz,47249
3291plz,47259
3292plz,47269
3293plz,47279
3294plz,47441
3295plz,47443
3296plz,47445
3297plz,47447
3298plz,47475
3299plz,47495
3300plz,47506
3301plz,47509
3302plz,47533
3303plz,47546
3304plz,47551
3305plz,47559
3306plz,47574
3307plz,47589
3308plz,47608
3309plz,47623
3310plz,47624
3311plz,47625
3312plz,47626
3313plz,47627
3314plz,47638
3315plz,47647
3316plz,47652
3317plz,47661
3318plz,47665
3319plz,47669
3320plz,47798
3321plz,47799
3322plz,47800
3323plz,47802
3324plz,47803
3325plz,47804
3326plz,47805
3327plz,47807
3328plz,47809
3329plz,47829
3330plz,47839
3331plz,47877
3332plz,47906
3333plz,47918
3334plz,47929
3335plz,48143
3336plz,48145
3337plz,48147
3338plz,48149
3339plz,48151
3340plz,48153
3341plz,48155
3342plz,48157
3343plz,48159
3344plz,48161
3345plz,48163
3346plz,48165
3347plz,48167
3348plz,48231
3349plz,48249
3350plz,48268
3351plz,48282
3352plz,48291
3353plz,48301
3354plz,48308
3355plz,48317
3356plz,48324
3357plz,48329
3358plz,48336
3359plz,48341
3360plz,48346
3361plz,48351
3362plz,48356
3363plz,48361
3364plz,48366
3365plz,48369
3366plz,48429
3367plz,48431
3368plz,48432
3369plz,48455
3370plz,48465
3371plz,48477
3372plz,48480
3373plz,48485
3374plz,48488
3375plz,48493
3376plz,48496
3377plz,48499
3378plz,48527
3379plz,48529
3380plz,48531
3381plz,48565
3382plz,48599
3383plz,48607
3384plz,48612
3385plz,48619
3386plz,48624
3387plz,48629
3388plz,48653
3389plz,48683
3390plz,48691
3391plz,48703
3392plz,48712
3393plz,48720
3394plz,48727
3395plz,48734
3396plz,48739
3397plz,49074
3398plz,49076
3399plz,49078
3400plz,49080
3401plz,49082
3402plz,49084
3403plz,49086
3404plz,49088
3405plz,49090
3406plz,49124
3407plz,49134
3408plz,49143
3409plz,49152
3410plz,49163
3411plz,49170
3412plz,49176
3413plz,49179
3414plz,49186
3415plz,49191
3416plz,49196
3417plz,49201
3418plz,49205
3419plz,49214
3420plz,49219
3421plz,49324
3422plz,49326
3423plz,49328
3424plz,49356
3425plz,49377
3426plz,49393
3427plz,49401
3428plz,49406
3429plz,49413
3430plz,49419
3431plz,49424
3432plz,49429
3433plz,49434
3434plz,49439
3435plz,49448
3436plz,49451
3437plz,49453
3438plz,49456
3439plz,49457
3440plz,49459
3441plz,49477
3442plz,49479
3443plz,49492
3444plz,49497
3445plz,49504
3446plz,49509
3447plz,49525
3448plz,49536
3449plz,49545
3450plz,49549
3451plz,49565
3452plz,49577
3453plz,49584
3454plz,49586
3455plz,49593
3456plz,49594
3457plz,49596
3458plz,49597
3459plz,49599
3460plz,49610
3461plz,49624
3462plz,49626
3463plz,49632
3464plz,49635
3465plz,49637
3466plz,49638
3467plz,49661
3468plz,49681
3469plz,49685
3470plz,49688
3471plz,49692
3472plz,49696
3473plz,49699
3474plz,49716
3475plz,49733
3476plz,49740
3477plz,49744
3478plz,49751
3479plz,49757
3480plz,49762
3481plz,49767
3482plz,49770
3483plz,49774
3484plz,49777
3485plz,49779
3486plz,49808
3487plz,49809
3488plz,49811
3489plz,49824
3490plz,49828
3491plz,49832
3492plz,49835
3493plz,49838
3494plz,49843
3495plz,49844
3496plz,49846
3497plz,49847
3498plz,49849
3499plz,50126
3500plz,50127
3501plz,50129
3502plz,50169
3503plz,50170
3504plz,50171
3505plz,50181
3506plz,50189
3507plz,50226
3508plz,50259
3509plz,50321
3510plz,50354
3511plz,50374
3512plz,50389
3513plz,50667
3514plz,50668
3515plz,50670
3516plz,50672
3517plz,50674
3518plz,50676
3519plz,50677
3520plz,50678
3521plz,50679
3522plz,50733
3523plz,50735
3524plz,50737
3525plz,50739
3526plz,50765
3527plz,50767
3528plz,50769
3529plz,50823
3530plz,50825
3531plz,50827
3532plz,50829
3533plz,50858
3534plz,50859
3535plz,50931
3536plz,50933
3537plz,50935
3538plz,50937
3539plz,50939
3540plz,50968
3541plz,50969
3542plz,50996
3543plz,50997
3544plz,50999
3545plz,51061
3546plz,51063
3547plz,51065
3548plz,51067
3549plz,51069
3550plz,51103
3551plz,51105
3552plz,51107
3553plz,51109
3554plz,51143
3555plz,51145
3556plz,51147
3557plz,51149
3558plz,51371
3559plz,51373
3560plz,51375
3561plz,51377
3562plz,51379
3563plz,51381
3564plz,51399
3565plz,51427
3566plz,51429
3567plz,51465
3568plz,51467
3569plz,51469
3570plz,51491
3571plz,51503
3572plz,51515
3573plz,51519
3574plz,51545
3575plz,51570
3576plz,51580
3577plz,51588
3578plz,51597
3579plz,51598
3580plz,51643
3581plz,51645
3582plz,51647
3583plz,51674
3584plz,51688
3585plz,51702
3586plz,51709
3587plz,51766
3588plz,51789
3589plz,52062
3590plz,52064
3591plz,52066
3592plz,52068
3593plz,52070
3594plz,52072
3595plz,52074
3596plz,52076
3597plz,52078
3598plz,52080
3599plz,52134
3600plz,52146
3601plz,52152
3602plz,52156
3603plz,52159
3604plz,52222
3605plz,52223
3606plz,52224
3607plz,52249
3608plz,52349
3609plz,52351
3610plz,52353
3611plz,52355
3612plz,52372
3613plz,52379
3614plz,52382
3615plz,52385
3616plz,52388
3617plz,52391
3618plz,52393
3619plz,52396
3620plz,52399
3621plz,52428
3622plz,52441
3623plz,52445
3624plz,52457
3625plz,52459
3626plz,52477
3627plz,52499
3628plz,52511
3629plz,52525
3630plz,52531
3631plz,52538
3632plz,53111
3633plz,53113
3634plz,53115
3635plz,53117
3636plz,53119
3637plz,53121
3638plz,53123
3639plz,53125
3640plz,53127
3641plz,53129
3642plz,53173
3643plz,53175
3644plz,53177
3645plz,53179
3646plz,53225
3647plz,53227
3648plz,53229
3649plz,53332
3650plz,53340
3651plz,53343
3652plz,53347
3653plz,53359
3654plz,53424
3655plz,53426
3656plz,53474
3657plz,53489
3658plz,53498
3659plz,53501
3660plz,53505
3661plz,53506
3662plz,53507
3663plz,53508
3664plz,53518
3665plz,53520
3666plz,53533
3667plz,53534
3668plz,53539
3669plz,53545
3670plz,53547
3671plz,53557
3672plz,53560
3673plz,53562
3674plz,53567
3675plz,53572
3676plz,53577
3677plz,53578
3678plz,53579
3679plz,53604
3680plz,53619
3681plz,53639
3682plz,53721
3683plz,53757
3684plz,53773
3685plz,53783
3686plz,53797
3687plz,53804
3688plz,53809
3689plz,53819
3690plz,53840
3691plz,53842
3692plz,53844
3693plz,53859
3694plz,53879
3695plz,53881
3696plz,53894
3697plz,53902
3698plz,53909
3699plz,53913
3700plz,53919
3701plz,53925
3702plz,53937
3703plz,53940
3704plz,53945
3705plz,53947
3706plz,53949
3707plz,54290
3708plz,54292
3709plz,54293
3710plz,54294
3711plz,54295
3712plz,54296
3713plz,54298
3714plz,54306
3715plz,54308
3716plz,54309
3717plz,54310
3718plz,54311
3719plz,54313
3720plz,54314
3721plz,54316
3722plz,54317
3723plz,54318
3724plz,54320
3725plz,54329
3726plz,54331
3727plz,54332
3728plz,54338
3729plz,54340
3730plz,54341
3731plz,54343
3732plz,54344
3733plz,54346
3734plz,54347
3735plz,54349
3736plz,54411
3737plz,54413
3738plz,54421
3739plz,54422
3740plz,54424
3741plz,54426
3742plz,54427
3743plz,54429
3744plz,54439
3745plz,54441
3746plz,54450
3747plz,54451
3748plz,54453
3749plz,54455
3750plz,54456
3751plz,54457
3752plz,54459
3753plz,54470
3754plz,54472
3755plz,54483
3756plz,54484
3757plz,54486
3758plz,54487
3759plz,54492
3760plz,54497
3761plz,54498
3762plz,54516
3763plz,54518
3764plz,54523
3765plz,54524
3766plz,54526
3767plz,54528
3768plz,54529
3769plz,54531
3770plz,54533
3771plz,54534
3772plz,54536
3773plz,54538
3774plz,54539
3775plz,54550
3776plz,54552
3777plz,54558
3778plz,54568
3779plz,54570
3780plz,54574
3781plz,54576
3782plz,54578
3783plz,54579
3784plz,54584
3785plz,54585
3786plz,54586
3787plz,54587
3788plz,54589
3789plz,54595
3790plz,54597
3791plz,54608
3792plz,54610
3793plz,54611
3794plz,54612
3795plz,54614
3796plz,54616
3797plz,54617
3798plz,54619
3799plz,54634
3800plz,54636
3801plz,54646
3802plz,54647
3803plz,54649
3804plz,54655
3805plz,54657
3806plz,54662
3807plz,54664
3808plz,54666
3809plz,54668
3810plz,54669
3811plz,54673
3812plz,54675
3813plz,54687
3814plz,54689
3815plz,55116
3816plz,55118
3817plz,55120
3818plz,55122
3819plz,55124
3820plz,55126
3821plz,55127
3822plz,55128
3823plz,55129
3824plz,55130
3825plz,55131
3826plz,55218
3827plz,55232
3828plz,55234
3829plz,55237
3830plz,55239
3831plz,55246
3832plz,55252
3833plz,55257
3834plz,55262
3835plz,55263
3836plz,55268
3837plz,55270
3838plz,55271
3839plz,55276
3840plz,55278
3841plz,55283
3842plz,55286
3843plz,55288
3844plz,55291
3845plz,55294
3846plz,55296
3847plz,55299
3848plz,55411
3849plz,55413
3850plz,55422
3851plz,55424
3852plz,55425
3853plz,55430
3854plz,55432
3855plz,55435
3856plz,55437
3857plz,55442
3858plz,55444
3859plz,55450
3860plz,55452
3861plz,55457
3862plz,55459
3863plz,55469
3864plz,55471
3865plz,55481
3866plz,55483
3867plz,55487
3868plz,55490
3869plz,55491
3870plz,55494
3871plz,55496
3872plz,55497
3873plz,55499
3874plz,55543
3875plz,55545
3876plz,55546
3877plz,55559
3878plz,55566
3879plz,55568
3880plz,55569
3881plz,55571
3882plz,55576
3883plz,55578
3884plz,55583
3885plz,55585
3886plz,55590
3887plz,55592
3888plz,55593
3889plz,55595
3890plz,55596
3891plz,55597
3892plz,55599
3893plz,55606
3894plz,55608
3895plz,55618
3896plz,55619
3897plz,55621
3898plz,55624
3899plz,55626
3900plz,55627
3901plz,55629
3902plz,55743
3903plz,55756
3904plz,55758
3905plz,55765
3906plz,55767
3907plz,55768
3908plz,55774
3909plz,55776
3910plz,55777
3911plz,55779
3912plz,56068
3913plz,56070
3914plz,56072
3915plz,56073
3916plz,56075
3917plz,56076
3918plz,56077
3919plz,56112
3920plz,56130
3921plz,56132
3922plz,56133
3923plz,56154
3924plz,56170
3925plz,56179
3926plz,56182
3927plz,56191
3928plz,56203
3929plz,56204
3930plz,56206
3931plz,56218
3932plz,56220
3933plz,56235
3934plz,56237
3935plz,56242
3936plz,56244
3937plz,56249
3938plz,56253
3939plz,56254
3940plz,56269
3941plz,56271
3942plz,56276
3943plz,56281
3944plz,56283
3945plz,56288
3946plz,56290
3947plz,56291
3948plz,56294
3949plz,56295
3950plz,56299
3951plz,56305
3952plz,56307
3953plz,56316
3954plz,56317
3955plz,56321
3956plz,56322
3957plz,56323
3958plz,56329
3959plz,56330
3960plz,56332
3961plz,56333
3962plz,56335
3963plz,56337
3964plz,56338
3965plz,56340
3966plz,56341
3967plz,56346
3968plz,56348
3969plz,56349
3970plz,56355
3971plz,56357
3972plz,56368
3973plz,56370
3974plz,56377
3975plz,56379
3976plz,56410
3977plz,56412
3978plz,56414
3979plz,56422
3980plz,56424
3981plz,56427
3982plz,56428
3983plz,56457
3984plz,56459
3985plz,56462
3986plz,56470
3987plz,56472
3988plz,56477
3989plz,56479
3990plz,56564
3991plz,56566
3992plz,56567
3993plz,56575
3994plz,56579
3995plz,56581
3996plz,56584
3997plz,56587
3998plz,56588
3999plz,56589
4000plz,56593
4001plz,56594
4002plz,56598
4003plz,56599
4004plz,56626
4005plz,56630
4006plz,56637
4007plz,56642
4008plz,56645
4009plz,56648
4010plz,56651
4011plz,56653
4012plz,56656
4013plz,56659
4014plz,56727
4015plz,56729
4016plz,56736
4017plz,56743
4018plz,56745
4019plz,56746
4020plz,56751
4021plz,56753
4022plz,56754
4023plz,56759
4024plz,56761
4025plz,56766
4026plz,56767
4027plz,56769
4028plz,56812
4029plz,56814
4030plz,56818
4031plz,56820
4032plz,56821
4033plz,56823
4034plz,56825
4035plz,56826
4036plz,56828
4037plz,56829
4038plz,56841
4039plz,56843
4040plz,56850
4041plz,56856
4042plz,56858
4043plz,56859
4044plz,56861
4045plz,56862
4046plz,56864
4047plz,56865
4048plz,56867
4049plz,56869
4050plz,57072
4051plz,57074
4052plz,57076
4053plz,57078
4054plz,57080
4055plz,57223
4056plz,57234
4057plz,57250
4058plz,57258
4059plz,57271
4060plz,57290
4061plz,57299
4062plz,57319
4063plz,57334
4064plz,57339
4065plz,57368
4066plz,57392
4067plz,57399
4068plz,57413
4069plz,57439
4070plz,57462
4071plz,57482
4072plz,57489
4073plz,57518
4074plz,57520
4075plz,57537
4076plz,57539
4077plz,57548
4078plz,57555
4079plz,57562
4080plz,57567
4081plz,57572
4082plz,57577
4083plz,57578
4084plz,57580
4085plz,57581
4086plz,57583
4087plz,57584
4088plz,57586
4089plz,57587
4090plz,57589
4091plz,57610
4092plz,57612
4093plz,57614
4094plz,57627
4095plz,57629
4096plz,57632
4097plz,57635
4098plz,57636
4099plz,57638
4100plz,57639
4101plz,57641
4102plz,57642
4103plz,57644
4104plz,57645
4105plz,57647
4106plz,57648
4107plz,58089
4108plz,58091
4109plz,58093
4110plz,58095
4111plz,58097
4112plz,58099
4113plz,58119
4114plz,58135
4115plz,58239
4116plz,58256
4117plz,58285
4118plz,58300
4119plz,58313
4120plz,58332
4121plz,58339
4122plz,58452
4123plz,58453
4124plz,58454
4125plz,58455
4126plz,58456
4127plz,58507
4128plz,58509
4129plz,58511
4130plz,58513
4131plz,58515
4132plz,58540
4133plz,58553
4134plz,58566
4135plz,58579
4136plz,58636
4137plz,58638
4138plz,58640
4139plz,58642
4140plz,58644
4141plz,58675
4142plz,58706
4143plz,58708
4144plz,58710
4145plz,58730
4146plz,58739
4147plz,58762
4148plz,58769
4149plz,58791
4150plz,58802
4151plz,58809
4152plz,58840
4153plz,58849
4154plz,59063
4155plz,59065
4156plz,59067
4157plz,59069
4158plz,59071
4159plz,59073
4160plz,59075
4161plz,59077
4162plz,59174
4163plz,59192
4164plz,59199
4165plz,59227
4166plz,59229
4167plz,59269
4168plz,59302
4169plz,59320
4170plz,59329
4171plz,59348
4172plz,59368
4173plz,59379
4174plz,59387
4175plz,59394
4176plz,59399
4177plz,59423
4178plz,59425
4179plz,59427
4180plz,59439
4181plz,59457
4182plz,59469
4183plz,59494
4184plz,59505
4185plz,59510
4186plz,59514
4187plz,59519
4188plz,59555
4189plz,59556
4190plz,59557
4191plz,59558
4192plz,59581
4193plz,59590
4194plz,59597
4195plz,59602
4196plz,59609
4197plz,59755
4198plz,59757
4199plz,59759
4200plz,59821
4201plz,59823
4202plz,59846
4203plz,59872
4204plz,59889
4205plz,59909
4206plz,59929
4207plz,59939
4208plz,59955
4209plz,59964
4210plz,59969
4211plz,60306
4212plz,60308
4213plz,60310
4214plz,60311
4215plz,60313
4216plz,60314
4217plz,60316
4218plz,60318
4219plz,60320
4220plz,60322
4221plz,60323
4222plz,60325
4223plz,60326
4224plz,60327
4225plz,60329
4226plz,60385
4227plz,60386
4228plz,60388
4229plz,60389
4230plz,60431
4231plz,60433
4232plz,60435
4233plz,60437
4234plz,60438
4235plz,60439
4236plz,60486
4237plz,60487
4238plz,60488
4239plz,60489
4240plz,60528
4241plz,60529
4242plz,60549
4243plz,60594
4244plz,60596
4245plz,60598
4246plz,60599
4247plz,61118
4248plz,61130
4249plz,61137
4250plz,61138
4251plz,61169
4252plz,61184
4253plz,61191
4254plz,61194
4255plz,61197
4256plz,61200
4257plz,61203
4258plz,61206
4259plz,61209
4260plz,61231
4261plz,61239
4262plz,61250
4263plz,61267
4264plz,61273
4265plz,61276
4266plz,61279
4267plz,61348
4268plz,61350
4269plz,61352
4270plz,61381
4271plz,61389
4272plz,61440
4273plz,61449
4274plz,61462
4275plz,61476
4276plz,61479
4277plz,63065
4278plz,63067
4279plz,63069
4280plz,63071
4281plz,63073
4282plz,63075
4283plz,63110
4284plz,63128
4285plz,63150
4286plz,63165
4287plz,63179
4288plz,63225
4289plz,63263
4290plz,63303
4291plz,63322
4292plz,63329
4293plz,63450
4294plz,63452
4295plz,63454
4296plz,63456
4297plz,63457
4298plz,63477
4299plz,63486
4300plz,63500
4301plz,63505
4302plz,63512
4303plz,63517
4304plz,63526
4305plz,63533
4306plz,63538
4307plz,63543
4308plz,63546
4309plz,63549
4310plz,63571
4311plz,63579
4312plz,63584
4313plz,63589
4314plz,63594
4315plz,63599
4316plz,63607
4317plz,63619
4318plz,63628
4319plz,63633
4320plz,63636
4321plz,63637
4322plz,63639
4323plz,63654
4324plz,63667
4325plz,63674
4326plz,63679
4327plz,63683
4328plz,63688
4329plz,63691
4330plz,63694
4331plz,63695
4332plz,63697
4333plz,63699
4334plz,63739
4335plz,63741
4336plz,63743
4337plz,63755
4338plz,63762
4339plz,63768
4340plz,63773
4341plz,63776
4342plz,63785
4343plz,63791
4344plz,63796
4345plz,63801
4346plz,63808
4347plz,63811
4348plz,63814
4349plz,63820
4350plz,63825
4351plz,63826
4352plz,63828
4353plz,63829
4354plz,63831
4355plz,63834
4356plz,63839
4357plz,63840
4358plz,63843
4359plz,63846
4360plz,63849
4361plz,63853
4362plz,63856
4363plz,63857
4364plz,63860
4365plz,63863
4366plz,63864
4367plz,63867
4368plz,63868
4369plz,63869
4370plz,63871
4371plz,63872
4372plz,63874
4373plz,63875
4374plz,63877
4375plz,63879
4376plz,63897
4377plz,63906
4378plz,63911
4379plz,63916
4380plz,63920
4381plz,63924
4382plz,63925
4383plz,63927
4384plz,63928
4385plz,63930
4386plz,63931
4387plz,63933
4388plz,63934
4389plz,63936
4390plz,63937
4391plz,63939
4392plz,64283
4393plz,64285
4394plz,64287
4395plz,64289
4396plz,64291
4397plz,64293
4398plz,64295
4399plz,64297
4400plz,64319
4401plz,64331
4402plz,64342
4403plz,64347
4404plz,64354
4405plz,64367
4406plz,64372
4407plz,64380
4408plz,64385
4409plz,64390
4410plz,64395
4411plz,64397
4412plz,64401
4413plz,64404
4414plz,64405
4415plz,64407
4416plz,64409
4417plz,64521
4418plz,64546
4419plz,64560
4420plz,64569
4421plz,64572
4422plz,64579
4423plz,64584
4424plz,64589
4425plz,64625
4426plz,64646
4427plz,64653
4428plz,64658
4429plz,64665
4430plz,64668
4431plz,64673
4432plz,64678
4433plz,64683
4434plz,64686
4435plz,64689
4436plz,64711
4437plz,64720
4438plz,64732
4439plz,64739
4440plz,64743
4441plz,64747
4442plz,64750
4443plz,64753
4444plz,64754
4445plz,64756
4446plz,64757
4447plz,64759
4448plz,64807
4449plz,64823
4450plz,64832
4451plz,64839
4452plz,64846
4453plz,64850
4454plz,64853
4455plz,64859
4456plz,65183
4457plz,65185
4458plz,65187
4459plz,65189
4460plz,65191
4461plz,65193
4462plz,65195
4463plz,65197
4464plz,65199
4465plz,65201
4466plz,65203
4467plz,65205
4468plz,65207
4469plz,65232
4470plz,65239
4471plz,65307
4472plz,65321
4473plz,65326
4474plz,65329
4475plz,65343
4476plz,65344
4477plz,65345
4478plz,65346
4479plz,65347
4480plz,65366
4481plz,65375
4482plz,65385
4483plz,65388
4484plz,65391
4485plz,65396
4486plz,65399
4487plz,65428
4488plz,65439
4489plz,65451
4490plz,65462
4491plz,65468
4492plz,65474
4493plz,65479
4494plz,65510
4495plz,65520
4496plz,65527
4497plz,65529
4498plz,65549
4499plz,65550
4500plz,65551
4501plz,65552
4502plz,65553
4503plz,65554
4504plz,65555
4505plz,65556
4506plz,65558
4507plz,65582
4508plz,65589
4509plz,65594
4510plz,65597
4511plz,65599
4512plz,65604
4513plz,65606
4514plz,65611
4515plz,65614
4516plz,65618
4517plz,65620
4518plz,65623
4519plz,65624
4520plz,65626
4521plz,65627
4522plz,65629
4523plz,65719
4524plz,65760
4525plz,65779
4526plz,65795
4527plz,65812
4528plz,65817
4529plz,65824
4530plz,65830
4531plz,65835
4532plz,65843
4533plz,65929
4534plz,65931
4535plz,65933
4536plz,65934
4537plz,65936
4538plz,66111
4539plz,66113
4540plz,66115
4541plz,66117
4542plz,66119
4543plz,66121
4544plz,66123
4545plz,66125
4546plz,66126
4547plz,66127
4548plz,66128
4549plz,66129
4550plz,66130
4551plz,66131
4552plz,66132
4553plz,66133
4554plz,66265
4555plz,66271
4556plz,66280
4557plz,66287
4558plz,66292
4559plz,66299
4560plz,66333
4561plz,66346
4562plz,66352
4563plz,66359
4564plz,66386
4565plz,66399
4566plz,66424
4567plz,66440
4568plz,66450
4569plz,66453
4570plz,66459
4571plz,66482
4572plz,66484
4573plz,66497
4574plz,66500
4575plz,66501
4576plz,66503
4577plz,66504
4578plz,66506
4579plz,66507
4580plz,66509
4581plz,66538
4582plz,66539
4583plz,66540
4584plz,66557
4585plz,66564
4586plz,66571
4587plz,66578
4588plz,66583
4589plz,66589
4590plz,66606
4591plz,66620
4592plz,66625
4593plz,66629
4594plz,66636
4595plz,66640
4596plz,66646
4597plz,66649
4598plz,66663
4599plz,66679
4600plz,66687
4601plz,66693
4602plz,66701
4603plz,66706
4604plz,66709
4605plz,66740
4606plz,66763
4607plz,66773
4608plz,66780
4609plz,66787
4610plz,66793
4611plz,66798
4612plz,66802
4613plz,66806
4614plz,66809
4615plz,66822
4616plz,66839
4617plz,66849
4618plz,66851
4619plz,66862
4620plz,66869
4621plz,66871
4622plz,66877
4623plz,66879
4624plz,66882
4625plz,66885
4626plz,66887
4627plz,66892
4628plz,66894
4629plz,66901
4630plz,66903
4631plz,66904
4632plz,66907
4633plz,66909
4634plz,66914
4635plz,66916
4636plz,66917
4637plz,66919
4638plz,66953
4639plz,66954
4640plz,66955
4641plz,66957
4642plz,66969
4643plz,66976
4644plz,66978
4645plz,66981
4646plz,66987
4647plz,66989
4648plz,66994
4649plz,66996
4650plz,66999
4651plz,67059
4652plz,67061
4653plz,67063
4654plz,67065
4655plz,67067
4656plz,67069
4657plz,67071
4658plz,67098
4659plz,67105
4660plz,67112
4661plz,67117
4662plz,67122
4663plz,67125
4664plz,67126
4665plz,67127
4666plz,67133
4667plz,67134
4668plz,67136
4669plz,67141
4670plz,67146
4671plz,67147
4672plz,67149
4673plz,67150
4674plz,67152
4675plz,67157
4676plz,67158
4677plz,67159
4678plz,67161
4679plz,67165
4680plz,67166
4681plz,67167
4682plz,67169
4683plz,67227
4684plz,67229
4685plz,67240
4686plz,67245
4687plz,67246
4688plz,67251
4689plz,67256
4690plz,67258
4691plz,67259
4692plz,67269
4693plz,67271
4694plz,67273
4695plz,67278
4696plz,67280
4697plz,67281
4698plz,67283
4699plz,67292
4700plz,67294
4701plz,67295
4702plz,67297
4703plz,67304
4704plz,67305
4705plz,67307
4706plz,67308
4707plz,67310
4708plz,67311
4709plz,67316
4710plz,67317
4711plz,67319
4712plz,67346
4713plz,67354
4714plz,67360
4715plz,67361
4716plz,67363
4717plz,67365
4718plz,67366
4719plz,67368
4720plz,67373
4721plz,67374
4722plz,67376
4723plz,67377
4724plz,67378
4725plz,67433
4726plz,67434
4727plz,67435
4728plz,67454
4729plz,67459
4730plz,67466
4731plz,67468
4732plz,67471
4733plz,67472
4734plz,67473
4735plz,67475
4736plz,67480
4737plz,67482
4738plz,67483
4739plz,67487
4740plz,67489
4741plz,67547
4742plz,67549
4743plz,67550
4744plz,67551
4745plz,67574
4746plz,67575
4747plz,67577
4748plz,67578
4749plz,67580
4750plz,67582
4751plz,67583
4752plz,67585
4753plz,67586
4754plz,67587
4755plz,67590
4756plz,67591
4757plz,67592
4758plz,67593
4759plz,67595
4760plz,67596
4761plz,67598
4762plz,67599
4763plz,67655
4764plz,67657
4765plz,67659
4766plz,67661
4767plz,67663
4768plz,67677
4769plz,67678
4770plz,67680
4771plz,67681
4772plz,67685
4773plz,67686
4774plz,67688
4775plz,67691
4776plz,67693
4777plz,67697
4778plz,67699
4779plz,67700
4780plz,67701
4781plz,67705
4782plz,67706
4783plz,67707
4784plz,67714
4785plz,67715
4786plz,67716
4787plz,67718
4788plz,67722
4789plz,67724
4790plz,67725
4791plz,67727
4792plz,67728
4793plz,67729
4794plz,67731
4795plz,67732
4796plz,67734
4797plz,67735
4798plz,67737
4799plz,67742
4800plz,67744
4801plz,67745
4802plz,67746
4803plz,67748
4804plz,67749
4805plz,67752
4806plz,67753
4807plz,67754
4808plz,67756
4809plz,67757
4810plz,67759
4811plz,67806
4812plz,67808
4813plz,67811
4814plz,67813
4815plz,67814
4816plz,67816
4817plz,67817
4818plz,67819
4819plz,67821
4820plz,67822
4821plz,67823
4822plz,67824
4823plz,67826
4824plz,67827
4825plz,67829
4826plz,68159
4827plz,68161
4828plz,68163
4829plz,68165
4830plz,68167
4831plz,68169
4832plz,68199
4833plz,68219
4834plz,68229
4835plz,68239
4836plz,68259
4837plz,68305
4838plz,68307
4839plz,68309
4840plz,68519
4841plz,68526
4842plz,68535
4843plz,68542
4844plz,68549
4845plz,68623
4846plz,68642
4847plz,68647
4848plz,68649
4849plz,68723
4850plz,68753
4851plz,68766
4852plz,68775
4853plz,68782
4854plz,68789
4855plz,68794
4856plz,68799
4857plz,68804
4858plz,68809
4859plz,69115
4860plz,69117
4861plz,69118
4862plz,69120
4863plz,69121
4864plz,69123
4865plz,69124
4866plz,69126
4867plz,69151
4868plz,69168
4869plz,69181
4870plz,69190
4871plz,69198
4872plz,69207
4873plz,69214
4874plz,69221
4875plz,69226
4876plz,69231
4877plz,69234
4878plz,69239
4879plz,69242
4880plz,69245
4881plz,69250
4882plz,69251
4883plz,69253
4884plz,69254
4885plz,69256
4886plz,69257
4887plz,69259
4888plz,69412
4889plz,69427
4890plz,69429
4891plz,69434
4892plz,69436
4893plz,69437
4894plz,69439
4895plz,69469
4896plz,69483
4897plz,69488
4898plz,69493
4899plz,69502
4900plz,69509
4901plz,69514
4902plz,69517
4903plz,69518
4904plz,70173
4905plz,70174
4906plz,70176
4907plz,70178
4908plz,70180
4909plz,70182
4910plz,70184
4911plz,70186
4912plz,70188
4913plz,70190
4914plz,70191
4915plz,70192
4916plz,70193
4917plz,70195
4918plz,70197
4919plz,70199
4920plz,70327
4921plz,70329
4922plz,70372
4923plz,70374
4924plz,70376
4925plz,70378
4926plz,70435
4927plz,70437
4928plz,70439
4929plz,70469
4930plz,70499
4931plz,70563
4932plz,70565
4933plz,70567
4934plz,70569
4935plz,70597
4936plz,70599
4937plz,70619
4938plz,70629
4939plz,70734
4940plz,70736
4941plz,70771
4942plz,70794
4943plz,70806
4944plz,70825
4945plz,70839
4946plz,71032
4947plz,71034
4948plz,71063
4949plz,71065
4950plz,71067
4951plz,71069
4952plz,71083
4953plz,71088
4954plz,71093
4955plz,71101
4956plz,71106
4957plz,71111
4958plz,71116
4959plz,71120
4960plz,71126
4961plz,71131
4962plz,71134
4963plz,71139
4964plz,71144
4965plz,71149
4966plz,71154
4967plz,71155
4968plz,71157
4969plz,71159
4970plz,71229
4971plz,71254
4972plz,71263
4973plz,71272
4974plz,71277
4975plz,71282
4976plz,71287
4977plz,71292
4978plz,71296
4979plz,71297
4980plz,71299
4981plz,71332
4982plz,71334
4983plz,71336
4984plz,71364
4985plz,71384
4986plz,71394
4987plz,71397
4988plz,71404
4989plz,71409
4990plz,71522
4991plz,71540
4992plz,71543
4993plz,71546
4994plz,71549
4995plz,71554
4996plz,71560
4997plz,71563
4998plz,71566
4999plz,71570
5000plz,71573
5001plz,71576
5002plz,71577
5003plz,71579
5004plz,71634
5005plz,71636
5006plz,71638
5007plz,71640
5008plz,71642
5009plz,71665
5010plz,71672
5011plz,71679
5012plz,71686
5013plz,71691
5014plz,71696
5015plz,71701
5016plz,71706
5017plz,71711
5018plz,71717
5019plz,71720
5020plz,71723
5021plz,71726
5022plz,71729
5023plz,71732
5024plz,71735
5025plz,71737
5026plz,71739
5027plz,72070
5028plz,72072
5029plz,72074
5030plz,72076
5031plz,72108
5032plz,72116
5033plz,72119
5034plz,72124
5035plz,72127
5036plz,72131
5037plz,72135
5038plz,72138
5039plz,72141
5040plz,72144
5041plz,72145
5042plz,72147
5043plz,72149
5044plz,72160
5045plz,72172
5046plz,72175
5047plz,72178
5048plz,72181
5049plz,72184
5050plz,72186
5051plz,72189
5052plz,72202
5053plz,72213
5054plz,72218
5055plz,72221
5056plz,72224
5057plz,72226
5058plz,72227
5059plz,72229
5060plz,72250
5061plz,72270
5062plz,72275
5063plz,72280
5064plz,72285
5065plz,72290
5066plz,72293
5067plz,72294
5068plz,72296
5069plz,72297
5070plz,72299
5071plz,72336
5072plz,72348
5073plz,72351
5074plz,72355
5075plz,72356
5076plz,72358
5077plz,72359
5078plz,72361
5079plz,72362
5080plz,72364
5081plz,72365
5082plz,72367
5083plz,72369
5084plz,72379
5085plz,72393
5086plz,72401
5087plz,72406
5088plz,72411
5089plz,72414
5090plz,72415
5091plz,72417
5092plz,72419
5093plz,72458
5094plz,72459
5095plz,72461
5096plz,72469
5097plz,72474
5098plz,72475
5099plz,72477
5100plz,72479
5101plz,72488
5102plz,72501
5103plz,72505
5104plz,72510
5105plz,72511
5106plz,72513
5107plz,72514
5108plz,72516
5109plz,72517
5110plz,72519
5111plz,72525
5112plz,72531
5113plz,72532
5114plz,72534
5115plz,72535
5116plz,72537
5117plz,72539
5118plz,72555
5119plz,72574
5120plz,72581
5121plz,72582
5122plz,72584
5123plz,72585
5124plz,72587
5125plz,72589
5126plz,72622
5127plz,72631
5128plz,72636
5129plz,72639
5130plz,72644
5131plz,72649
5132plz,72654
5133plz,72655
5134plz,72657
5135plz,72658
5136plz,72660
5137plz,72661
5138plz,72663
5139plz,72664
5140plz,72666
5141plz,72667
5142plz,72669
5143plz,72760
5144plz,72762
5145plz,72764
5146plz,72766
5147plz,72768
5148plz,72770
5149plz,72793
5150plz,72800
5151plz,72805
5152plz,72810
5153plz,72813
5154plz,72818
5155plz,72820
5156plz,72827
5157plz,72829
5158plz,73033
5159plz,73035
5160plz,73037
5161plz,73054
5162plz,73061
5163plz,73066
5164plz,73072
5165plz,73079
5166plz,73084
5167plz,73087
5168plz,73092
5169plz,73095
5170plz,73098
5171plz,73099
5172plz,73101
5173plz,73102
5174plz,73104
5175plz,73105
5176plz,73107
5177plz,73108
5178plz,73110
5179plz,73111
5180plz,73113
5181plz,73114
5182plz,73116
5183plz,73117
5184plz,73119
5185plz,73207
5186plz,73230
5187plz,73235
5188plz,73240
5189plz,73249
5190plz,73252
5191plz,73257
5192plz,73262
5193plz,73265
5194plz,73266
5195plz,73268
5196plz,73269
5197plz,73271
5198plz,73272
5199plz,73274
5200plz,73275
5201plz,73277
5202plz,73278
5203plz,73312
5204plz,73326
5205plz,73329
5206plz,73333
5207plz,73337
5208plz,73340
5209plz,73342
5210plz,73344
5211plz,73345
5212plz,73347
5213plz,73349
5214plz,73430
5215plz,73431
5216plz,73432
5217plz,73433
5218plz,73434
5219plz,73441
5220plz,73447
5221plz,73450
5222plz,73453
5223plz,73457
5224plz,73460
5225plz,73463
5226plz,73466
5227plz,73467
5228plz,73469
5229plz,73479
5230plz,73485
5231plz,73486
5232plz,73488
5233plz,73489
5234plz,73491
5235plz,73492
5236plz,73494
5237plz,73495
5238plz,73497
5239plz,73499
5240plz,73525
5241plz,73527
5242plz,73529
5243plz,73540
5244plz,73547
5245plz,73550
5246plz,73553
5247plz,73557
5248plz,73560
5249plz,73563
5250plz,73565
5251plz,73566
5252plz,73568
5253plz,73569
5254plz,73571
5255plz,73572
5256plz,73574
5257plz,73575
5258plz,73577
5259plz,73579
5260plz,73614
5261plz,73630
5262plz,73635
5263plz,73642
5264plz,73650
5265plz,73655
5266plz,73660
5267plz,73663
5268plz,73666
5269plz,73667
5270plz,73669
5271plz,73728
5272plz,73730
5273plz,73732
5274plz,73733
5275plz,73734
5276plz,73760
5277plz,73765
5278plz,73770
5279plz,73773
5280plz,73776
5281plz,73779
5282plz,74072
5283plz,74074
5284plz,74076
5285plz,74078
5286plz,74080
5287plz,74081
5288plz,74172
5289plz,74177
5290plz,74182
5291plz,74189
5292plz,74193
5293plz,74196
5294plz,74199
5295plz,74206
5296plz,74211
5297plz,74214
5298plz,74219
5299plz,74223
5300plz,74226
5301plz,74229
5302plz,74232
5303plz,74235
5304plz,74238
5305plz,74239
5306plz,74243
5307plz,74245
5308plz,74246
5309plz,74248
5310plz,74249
5311plz,74251
5312plz,74252
5313plz,74254
5314plz,74255
5315plz,74257
5316plz,74259
5317plz,74321
5318plz,74336
5319plz,74343
5320plz,74348
5321plz,74354
5322plz,74357
5323plz,74360
5324plz,74363
5325plz,74366
5326plz,74369
5327plz,74372
5328plz,74374
5329plz,74376
5330plz,74379
5331plz,74382
5332plz,74385
5333plz,74388
5334plz,74389
5335plz,74391
5336plz,74392
5337plz,74394
5338plz,74395
5339plz,74397
5340plz,74399
5341plz,74405
5342plz,74417
5343plz,74420
5344plz,74423
5345plz,74424
5346plz,74426
5347plz,74427
5348plz,74429
5349plz,74523
5350plz,74532
5351plz,74535
5352plz,74538
5353plz,74541
5354plz,74542
5355plz,74544
5356plz,74545
5357plz,74547
5358plz,74549
5359plz,74564
5360plz,74572
5361plz,74575
5362plz,74579
5363plz,74582
5364plz,74585
5365plz,74586
5366plz,74589
5367plz,74592
5368plz,74594
5369plz,74595
5370plz,74597
5371plz,74599
5372plz,74613
5373plz,74626
5374plz,74629
5375plz,74632
5376plz,74635
5377plz,74638
5378plz,74639
5379plz,74653
5380plz,74670
5381plz,74673
5382plz,74676
5383plz,74677
5384plz,74679
5385plz,74706
5386plz,74722
5387plz,74731
5388plz,74736
5389plz,74740
5390plz,74743
5391plz,74744
5392plz,74746
5393plz,74747
5394plz,74749
5395plz,74821
5396plz,74831
5397plz,74834
5398plz,74838
5399plz,74842
5400plz,74847
5401plz,74850
5402plz,74855
5403plz,74858
5404plz,74861
5405plz,74862
5406plz,74864
5407plz,74865
5408plz,74867
5409plz,74869
5410plz,74889
5411plz,74906
5412plz,74909
5413plz,74912
5414plz,74915
5415plz,74918
5416plz,74921
5417plz,74924
5418plz,74925
5419plz,74927
5420plz,74928
5421plz,74930
5422plz,74931
5423plz,74933
5424plz,74934
5425plz,74936
5426plz,74937
5427plz,74939
5428plz,75015
5429plz,75031
5430plz,75038
5431plz,75045
5432plz,75050
5433plz,75053
5434plz,75056
5435plz,75057
5436plz,75059
5437plz,75172
5438plz,75173
5439plz,75175
5440plz,75177
5441plz,75179
5442plz,75180
5443plz,75181
5444plz,75196
5445plz,75203
5446plz,75210
5447plz,75217
5448plz,75223
5449plz,75228
5450plz,75233
5451plz,75236
5452plz,75239
5453plz,75242
5454plz,75245
5455plz,75248
5456plz,75249
5457plz,75305
5458plz,75323
5459plz,75328
5460plz,75331
5461plz,75334
5462plz,75335
5463plz,75337
5464plz,75339
5465plz,75365
5466plz,75378
5467plz,75382
5468plz,75385
5469plz,75387
5470plz,75389
5471plz,75391
5472plz,75392
5473plz,75394
5474plz,75395
5475plz,75397
5476plz,75399
5477plz,75417
5478plz,75428
5479plz,75433
5480plz,75438
5481plz,75443
5482plz,75446
5483plz,75447
5484plz,75449
5485plz,76131
5486plz,76133
5487plz,76135
5488plz,76137
5489plz,76139
5490plz,76149
5491plz,76185
5492plz,76187
5493plz,76189
5494plz,76199
5495plz,76227
5496plz,76228
5497plz,76229
5498plz,76275
5499plz,76287
5500plz,76297
5501plz,76307
5502plz,76316
5503plz,76327
5504plz,76332
5505plz,76337
5506plz,76344
5507plz,76351
5508plz,76356
5509plz,76359
5510plz,76437
5511plz,76448
5512plz,76456
5513plz,76461
5514plz,76467
5515plz,76470
5516plz,76473
5517plz,76474
5518plz,76476
5519plz,76477
5520plz,76479
5521plz,76530
5522plz,76532
5523plz,76534
5524plz,76547
5525plz,76549
5526plz,76571
5527plz,76593
5528plz,76596
5529plz,76597
5530plz,76599
5531plz,76646
5532plz,76661
5533plz,76669
5534plz,76676
5535plz,76684
5536plz,76689
5537plz,76694
5538plz,76698
5539plz,76703
5540plz,76706
5541plz,76707
5542plz,76709
5543plz,76726
5544plz,76744
5545plz,76751
5546plz,76756
5547plz,76761
5548plz,76764
5549plz,76767
5550plz,76768
5551plz,76770
5552plz,76771
5553plz,76773
5554plz,76774
5555plz,76776
5556plz,76777
5557plz,76779
5558plz,76829
5559plz,76831
5560plz,76833
5561plz,76835
5562plz,76846
5563plz,76848
5564plz,76855
5565plz,76857
5566plz,76863
5567plz,76865
5568plz,76870
5569plz,76872
5570plz,76877
5571plz,76879
5572plz,76887
5573plz,76889
5574plz,76891
5575plz,77652
5576plz,77654
5577plz,77656
5578plz,77694
5579plz,77704
5580plz,77709
5581plz,77716
5582plz,77723
5583plz,77728
5584plz,77731
5585plz,77736
5586plz,77740
5587plz,77743
5588plz,77746
5589plz,77749
5590plz,77756
5591plz,77761
5592plz,77767
5593plz,77770
5594plz,77773
5595plz,77776
5596plz,77781
5597plz,77784
5598plz,77787
5599plz,77790
5600plz,77791
5601plz,77793
5602plz,77794
5603plz,77796
5604plz,77797
5605plz,77799
5606plz,77815
5607plz,77830
5608plz,77833
5609plz,77836
5610plz,77839
5611plz,77855
5612plz,77866
5613plz,77871
5614plz,77876
5615plz,77880
5616plz,77883
5617plz,77886
5618plz,77887
5619plz,77889
5620plz,77933
5621plz,77948
5622plz,77955
5623plz,77960
5624plz,77963
5625plz,77966
5626plz,77971
5627plz,77972
5628plz,77974
5629plz,77975
5630plz,77977
5631plz,77978
5632plz,78048
5633plz,78050
5634plz,78052
5635plz,78054
5636plz,78056
5637plz,78073
5638plz,78078
5639plz,78083
5640plz,78086
5641plz,78087
5642plz,78089
5643plz,78098
5644plz,78112
5645plz,78120
5646plz,78126
5647plz,78132
5648plz,78136
5649plz,78141
5650plz,78144
5651plz,78147
5652plz,78148
5653plz,78166
5654plz,78176
5655plz,78183
5656plz,78187
5657plz,78194
5658plz,78199
5659plz,78224
5660plz,78234
5661plz,78239
5662plz,78244
5663plz,78247
5664plz,78250
5665plz,78253
5666plz,78256
5667plz,78259
5668plz,78262
5669plz,78266
5670plz,78267
5671plz,78269
5672plz,78315
5673plz,78333
5674plz,78337
5675plz,78343
5676plz,78345
5677plz,78351
5678plz,78354
5679plz,78355
5680plz,78357
5681plz,78359
5682plz,78462
5683plz,78464
5684plz,78465
5685plz,78467
5686plz,78476
5687plz,78479
5688plz,78532
5689plz,78549
5690plz,78554
5691plz,78559
5692plz,78564
5693plz,78567
5694plz,78570
5695plz,78573
5696plz,78576
5697plz,78579
5698plz,78580
5699plz,78582
5700plz,78583
5701plz,78585
5702plz,78586
5703plz,78588
5704plz,78589
5705plz,78591
5706plz,78592
5707plz,78594
5708plz,78595
5709plz,78597
5710plz,78598
5711plz,78600
5712plz,78601
5713plz,78603
5714plz,78604
5715plz,78606
5716plz,78607
5717plz,78609
5718plz,78628
5719plz,78647
5720plz,78652
5721plz,78655
5722plz,78658
5723plz,78661
5724plz,78662
5725plz,78664
5726plz,78665
5727plz,78667
5728plz,78669
5729plz,78713
5730plz,78727
5731plz,78730
5732plz,78733
5733plz,78736
5734plz,78737
5735plz,78739
5736plz,79098
5737plz,79100
5738plz,79102
5739plz,79104
5740plz,79106
5741plz,79108
5742plz,79110
5743plz,79111
5744plz,79112
5745plz,79114
5746plz,79115
5747plz,79117
5748plz,79183
5749plz,79189
5750plz,79194
5751plz,79199
5752plz,79206
5753plz,79211
5754plz,79215
5755plz,79219
5756plz,79224
5757plz,79227
5758plz,79232
5759plz,79235
5760plz,79238
5761plz,79241
5762plz,79244
5763plz,79249
5764plz,79252
5765plz,79254
5766plz,79256
5767plz,79258
5768plz,79261
5769plz,79263
5770plz,79268
5771plz,79271
5772plz,79274
5773plz,79276
5774plz,79279
5775plz,79280
5776plz,79282
5777plz,79283
5778plz,79285
5779plz,79286
5780plz,79288
5781plz,79289
5782plz,79291
5783plz,79292
5784plz,79294
5785plz,79295
5786plz,79297
5787plz,79299
5788plz,79312
5789plz,79331
5790plz,79336
5791plz,79341
5792plz,79346
5793plz,79348
5794plz,79350
5795plz,79353
5796plz,79356
5797plz,79359
5798plz,79361
5799plz,79362
5800plz,79364
5801plz,79365
5802plz,79367
5803plz,79369
5804plz,79379
5805plz,79395
5806plz,79400
5807plz,79410
5808plz,79415
5809plz,79418
5810plz,79423
5811plz,79424
5812plz,79426
5813plz,79427
5814plz,79429
5815plz,79539
5816plz,79540
5817plz,79541
5818plz,79576
5819plz,79585
5820plz,79588
5821plz,79589
5822plz,79591
5823plz,79592
5824plz,79594
5825plz,79595
5826plz,79597
5827plz,79599
5828plz,79618
5829plz,79639
5830plz,79650
5831plz,79664
5832plz,79669
5833plz,79674
5834plz,79677
5835plz,79682
5836plz,79685
5837plz,79686
5838plz,79688
5839plz,79689
5840plz,79692
5841plz,79694
5842plz,79695
5843plz,79713
5844plz,79725
5845plz,79730
5846plz,79733
5847plz,79736
5848plz,79737
5849plz,79739
5850plz,79761
5851plz,79771
5852plz,79774
5853plz,79777
5854plz,79780
5855plz,79787
5856plz,79790
5857plz,79793
5858plz,79798
5859plz,79801
5860plz,79802
5861plz,79804
5862plz,79805
5863plz,79807
5864plz,79809
5865plz,79822
5866plz,79837
5867plz,79843
5868plz,79848
5869plz,79853
5870plz,79856
5871plz,79859
5872plz,79862
5873plz,79865
5874plz,79868
5875plz,79871
5876plz,79872
5877plz,79874
5878plz,79875
5879plz,79877
5880plz,79879
5881plz,80331
5882plz,80333
5883plz,80335
5884plz,80336
5885plz,80337
5886plz,80339
5887plz,80469
5888plz,80538
5889plz,80539
5890plz,80634
5891plz,80636
5892plz,80637
5893plz,80638
5894plz,80639
5895plz,80686
5896plz,80687
5897plz,80689
5898plz,80796
5899plz,80797
5900plz,80798
5901plz,80799
5902plz,80801
5903plz,80802
5904plz,80803
5905plz,80804
5906plz,80805
5907plz,80807
5908plz,80809
5909plz,80933
5910plz,80935
5911plz,80937
5912plz,80939
5913plz,80992
5914plz,80993
5915plz,80995
5916plz,80997
5917plz,80999
5918plz,81241
5919plz,81243
5920plz,81245
5921plz,81247
5922plz,81249
5923plz,81369
5924plz,81371
5925plz,81373
5926plz,81375
5927plz,81377
5928plz,81379
5929plz,81475
5930plz,81476
5931plz,81477
5932plz,81479
5933plz,81539
5934plz,81541
5935plz,81543
5936plz,81545
5937plz,81547
5938plz,81549
5939plz,81667
5940plz,81669
5941plz,81671
5942plz,81673
5943plz,81675
5944plz,81677
5945plz,81679
5946plz,81735
5947plz,81737
5948plz,81739
5949plz,81825
5950plz,81827
5951plz,81829
5952plz,81925
5953plz,81927
5954plz,81929
5955plz,82008
5956plz,82024
5957plz,82031
5958plz,82041
5959plz,82049
5960plz,82054
5961plz,82057
5962plz,82061
5963plz,82064
5964plz,82065
5965plz,82067
5966plz,82069
5967plz,82110
5968plz,82131
5969plz,82140
5970plz,82152
5971plz,82166
5972plz,82178
5973plz,82194
5974plz,82205
5975plz,82211
5976plz,82216
5977plz,82223
5978plz,82229
5979plz,82234
5980plz,82237
5981plz,82239
5982plz,82256
5983plz,82266
5984plz,82269
5985plz,82272
5986plz,82275
5987plz,82276
5988plz,82278
5989plz,82279
5990plz,82281
5991plz,82284
5992plz,82285
5993plz,82287
5994plz,82288
5995plz,82290
5996plz,82291
5997plz,82293
5998plz,82294
5999plz,82296
6000plz,82297
6001plz,82299
6002plz,82319
6003plz,82327
6004plz,82335
6005plz,82340
6006plz,82343
6007plz,82346
6008plz,82347
6009plz,82349
6010plz,82362
6011plz,82377
6012plz,82380
6013plz,82383
6014plz,82386
6015plz,82387
6016plz,82389
6017plz,82390
6018plz,82392
6019plz,82393
6020plz,82395
6021plz,82396
6022plz,82398
6023plz,82399
6024plz,82401
6025plz,82402
6026plz,82404
6027plz,82405
6028plz,82407
6029plz,82409
6030plz,82418
6031plz,82431
6032plz,82432
6033plz,82433
6034plz,82435
6035plz,82436
6036plz,82438
6037plz,82439
6038plz,82441
6039plz,82442
6040plz,82444
6041plz,82445
6042plz,82447
6043plz,82449
6044plz,82467
6045plz,82475
6046plz,82481
6047plz,82487
6048plz,82488
6049plz,82490
6050plz,82491
6051plz,82493
6052plz,82494
6053plz,82496
6054plz,82497
6055plz,82499
6056plz,82515
6057plz,82538
6058plz,82541
6059plz,82544
6060plz,82547
6061plz,82549
6062plz,83022
6063plz,83024
6064plz,83026
6065plz,83043
6066plz,83052
6067plz,83059
6068plz,83064
6069plz,83071
6070plz,83075
6071plz,83080
6072plz,83083
6073plz,83088
6074plz,83093
6075plz,83098
6076plz,83101
6077plz,83104
6078plz,83109
6079plz,83112
6080plz,83115
6081plz,83119
6082plz,83122
6083plz,83123
6084plz,83125
6085plz,83126
6086plz,83128
6087plz,83129
6088plz,83131
6089plz,83132
6090plz,83134
6091plz,83135
6092plz,83137
6093plz,83139
6094plz,83209
6095plz,83224
6096plz,83229
6097plz,83233
6098plz,83236
6099plz,83242
6100plz,83246
6101plz,83250
6102plz,83253
6103plz,83254
6104plz,83256
6105plz,83257
6106plz,83259
6107plz,83278
6108plz,83301
6109plz,83308
6110plz,83313
6111plz,83317
6112plz,83324
6113plz,83329
6114plz,83334
6115plz,83339
6116plz,83342
6117plz,83346
6118plz,83349
6119plz,83352
6120plz,83355
6121plz,83358
6122plz,83361
6123plz,83362
6124plz,83364
6125plz,83365
6126plz,83367
6127plz,83368
6128plz,83370
6129plz,83371
6130plz,83373
6131plz,83374
6132plz,83376
6133plz,83377
6134plz,83379
6135plz,83395
6136plz,83404
6137plz,83410
6138plz,83413
6139plz,83416
6140plz,83417
6141plz,83435
6142plz,83451
6143plz,83454
6144plz,83457
6145plz,83458
6146plz,83471
6147plz,83483
6148plz,83486
6149plz,83487
6150plz,83512
6151plz,83527
6152plz,83530
6153plz,83533
6154plz,83536
6155plz,83539
6156plz,83543
6157plz,83544
6158plz,83546
6159plz,83547
6160plz,83549
6161plz,83550
6162plz,83553
6163plz,83555
6164plz,83556
6165plz,83558
6166plz,83559
6167plz,83561
6168plz,83562
6169plz,83564
6170plz,83565
6171plz,83567
6172plz,83569
6173plz,83607
6174plz,83620
6175plz,83623
6176plz,83624
6177plz,83626
6178plz,83627
6179plz,83629
6180plz,83646
6181plz,83661
6182plz,83666
6183plz,83670
6184plz,83671
6185plz,83673
6186plz,83674
6187plz,83676
6188plz,83677
6189plz,83679
6190plz,83684
6191plz,83700
6192plz,83703
6193plz,83707
6194plz,83708
6195plz,83714
6196plz,83727
6197plz,83730
6198plz,83734
6199plz,83735
6200plz,83737
6201plz,84028
6202plz,84030
6203plz,84032
6204plz,84034
6205plz,84036
6206plz,84048
6207plz,84051
6208plz,84056
6209plz,84061
6210plz,84066
6211plz,84069
6212plz,84072
6213plz,84076
6214plz,84079
6215plz,84082
6216plz,84085
6217plz,84088
6218plz,84089
6219plz,84091
6220plz,84092
6221plz,84094
6222plz,84095
6223plz,84097
6224plz,84098
6225plz,84100
6226plz,84101
6227plz,84103
6228plz,84104
6229plz,84106
6230plz,84107
6231plz,84109
6232plz,84130
6233plz,84137
6234plz,84140
6235plz,84144
6236plz,84149
6237plz,84152
6238plz,84155
6239plz,84160
6240plz,84163
6241plz,84164
6242plz,84166
6243plz,84168
6244plz,84169
6245plz,84171
6246plz,84172
6247plz,84174
6248plz,84175
6249plz,84177
6250plz,84178
6251plz,84180
6252plz,84181
6253plz,84183
6254plz,84184
6255plz,84186
6256plz,84187
6257plz,84189
6258plz,84307
6259plz,84323
6260plz,84326
6261plz,84329
6262plz,84332
6263plz,84333
6264plz,84335
6265plz,84337
6266plz,84339
6267plz,84347
6268plz,84359
6269plz,84364
6270plz,84367
6271plz,84371
6272plz,84375
6273plz,84378
6274plz,84381
6275plz,84384
6276plz,84385
6277plz,84387
6278plz,84389
6279plz,84405
6280plz,84416
6281plz,84419
6282plz,84424
6283plz,84427
6284plz,84428
6285plz,84431
6286plz,84432
6287plz,84434
6288plz,84435
6289plz,84437
6290plz,84439
6291plz,84453
6292plz,84478
6293plz,84489
6294plz,84494
6295plz,84503
6296plz,84508
6297plz,84513
6298plz,84518
6299plz,84524
6300plz,84529
6301plz,84533
6302plz,84539
6303plz,84543
6304plz,84544
6305plz,84546
6306plz,84547
6307plz,84549
6308plz,84550
6309plz,84552
6310plz,84553
6311plz,84555
6312plz,84556
6313plz,84558
6314plz,84559
6315plz,84561
6316plz,84562
6317plz,84564
6318plz,84565
6319plz,84567
6320plz,84568
6321plz,84570
6322plz,84571
6323plz,84573
6324plz,84574
6325plz,84576
6326plz,84577
6327plz,84579
6328plz,85049
6329plz,85051
6330plz,85053
6331plz,85055
6332plz,85057
6333plz,85072
6334plz,85077
6335plz,85080
6336plz,85084
6337plz,85088
6338plz,85092
6339plz,85095
6340plz,85098
6341plz,85101
6342plz,85104
6343plz,85107
6344plz,85110
6345plz,85111
6346plz,85113
6347plz,85114
6348plz,85116
6349plz,85117
6350plz,85119
6351plz,85120
6352plz,85122
6353plz,85123
6354plz,85125
6355plz,85126
6356plz,85128
6357plz,85129
6358plz,85131
6359plz,85132
6360plz,85134
6361plz,85135
6362plz,85137
6363plz,85139
6364plz,85221
6365plz,85229
6366plz,85232
6367plz,85235
6368plz,85238
6369plz,85241
6370plz,85244
6371plz,85247
6372plz,85250
6373plz,85253
6374plz,85254
6375plz,85256
6376plz,85258
6377plz,85259
6378plz,85276
6379plz,85283
6380plz,85290
6381plz,85293
6382plz,85296
6383plz,85298
6384plz,85301
6385plz,85302
6386plz,85304
6387plz,85305
6388plz,85307
6389plz,85309
6390plz,85354
6391plz,85356
6392plz,85368
6393plz,85375
6394plz,85376
6395plz,85386
6396plz,85391
6397plz,85395
6398plz,85399
6399plz,85402
6400plz,85405
6401plz,85406
6402plz,85408
6403plz,85410
6404plz,85411
6405plz,85413
6406plz,85414
6407plz,85416
6408plz,85417
6409plz,85419
6410plz,85435
6411plz,85445
6412plz,85447
6413plz,85452
6414plz,85456
6415plz,85457
6416plz,85459
6417plz,85461
6418plz,85462
6419plz,85464
6420plz,85465
6421plz,85467
6422plz,85469
6423plz,85521
6424plz,85540
6425plz,85551
6426plz,85560
6427plz,85567
6428plz,85570
6429plz,85579
6430plz,85586
6431plz,85591
6432plz,85598
6433plz,85599
6434plz,85604
6435plz,85609
6436plz,85614
6437plz,85617
6438plz,85622
6439plz,85625
6440plz,85630
6441plz,85635
6442plz,85640
6443plz,85643
6444plz,85646
6445plz,85649
6446plz,85652
6447plz,85653
6448plz,85656
6449plz,85658
6450plz,85659
6451plz,85661
6452plz,85662
6453plz,85664
6454plz,85665
6455plz,85667
6456plz,85669
6457plz,85716
6458plz,85737
6459plz,85748
6460plz,85757
6461plz,85764
6462plz,85774
6463plz,85777
6464plz,85778
6465plz,86150
6466plz,86152
6467plz,86153
6468plz,86154
6469plz,86156
6470plz,86157
6471plz,86159
6472plz,86161
6473plz,86163
6474plz,86165
6475plz,86167
6476plz,86169
6477plz,86179
6478plz,86199
6479plz,86316
6480plz,86343
6481plz,86356
6482plz,86368
6483plz,86381
6484plz,86391
6485plz,86399
6486plz,86405
6487plz,86415
6488plz,86420
6489plz,86424
6490plz,86438
6491plz,86441
6492plz,86444
6493plz,86447
6494plz,86450
6495plz,86453
6496plz,86456
6497plz,86459
6498plz,86462
6499plz,86465
6500plz,86470
6501plz,86473
6502plz,86476
6503plz,86477
6504plz,86479
6505plz,86480
6506plz,86482
6507plz,86483
6508plz,86485
6509plz,86486
6510plz,86488
6511plz,86489
6512plz,86491
6513plz,86492
6514plz,86494
6515plz,86495
6516plz,86497
6517plz,86498
6518plz,86500
6519plz,86502
6520plz,86504
6521plz,86505
6522plz,86507
6523plz,86508
6524plz,86510
6525plz,86511
6526plz,86513
6527plz,86514
6528plz,86517
6529plz,86519
6530plz,86529
6531plz,86551
6532plz,86554
6533plz,86556
6534plz,86558
6535plz,86559
6536plz,86561
6537plz,86562
6538plz,86564
6539plz,86565
6540plz,86567
6541plz,86568
6542plz,86570
6543plz,86571
6544plz,86573
6545plz,86574
6546plz,86576
6547plz,86577
6548plz,86579
6549plz,86609
6550plz,86633
6551plz,86637
6552plz,86641
6553plz,86643
6554plz,86647
6555plz,86650
6556plz,86653
6557plz,86655
6558plz,86657
6559plz,86660
6560plz,86663
6561plz,86666
6562plz,86668
6563plz,86669
6564plz,86672
6565plz,86673
6566plz,86674
6567plz,86675
6568plz,86676
6569plz,86678
6570plz,86679
6571plz,86681
6572plz,86682
6573plz,86684
6574plz,86685
6575plz,86687
6576plz,86688
6577plz,86690
6578plz,86692
6579plz,86694
6580plz,86695
6581plz,86697
6582plz,86698
6583plz,86700
6584plz,86701
6585plz,86703
6586plz,86704
6587plz,86706
6588plz,86707
6589plz,86709
6590plz,86720
6591plz,86732
6592plz,86733
6593plz,86735
6594plz,86736
6595plz,86738
6596plz,86739
6597plz,86741
6598plz,86742
6599plz,86744
6600plz,86745
6601plz,86747
6602plz,86748
6603plz,86750
6604plz,86751
6605plz,86753
6606plz,86754
6607plz,86756
6608plz,86757
6609plz,86759
6610plz,86807
6611plz,86825
6612plz,86830
6613plz,86833
6614plz,86836
6615plz,86842
6616plz,86845
6617plz,86850
6618plz,86853
6619plz,86854
6620plz,86856
6621plz,86857
6622plz,86859
6623plz,86860
6624plz,86862
6625plz,86863
6626plz,86865
6627plz,86866
6628plz,86868
6629plz,86869
6630plz,86871
6631plz,86872
6632plz,86874
6633plz,86875
6634plz,86877
6635plz,86879
6636plz,86899
6637plz,86911
6638plz,86916
6639plz,86919
6640plz,86920
6641plz,86922
6642plz,86923
6643plz,86925
6644plz,86926
6645plz,86928
6646plz,86929
6647plz,86931
6648plz,86932
6649plz,86934
6650plz,86935
6651plz,86937
6652plz,86938
6653plz,86940
6654plz,86941
6655plz,86943
6656plz,86944
6657plz,86946
6658plz,86947
6659plz,86949
6660plz,86956
6661plz,86971
6662plz,86972
6663plz,86974
6664plz,86975
6665plz,86977
6666plz,86978
6667plz,86980
6668plz,86981
6669plz,86983
6670plz,86984
6671plz,86986
6672plz,86987
6673plz,86989
6674plz,87435
6675plz,87437
6676plz,87439
6677plz,87448
6678plz,87452
6679plz,87459
6680plz,87463
6681plz,87466
6682plz,87471
6683plz,87474
6684plz,87477
6685plz,87480
6686plz,87484
6687plz,87487
6688plz,87488
6689plz,87490
6690plz,87493
6691plz,87494
6692plz,87496
6693plz,87497
6694plz,87499
6695plz,87509
6696plz,87527
6697plz,87534
6698plz,87538
6699plz,87541
6700plz,87544
6701plz,87545
6702plz,87547
6703plz,87549
6704plz,87561
6705plz,87600
6706plz,87616
6707plz,87629
6708plz,87634
6709plz,87637
6710plz,87640
6711plz,87642
6712plz,87645
6713plz,87647
6714plz,87648
6715plz,87650
6716plz,87651
6717plz,87653
6718plz,87654
6719plz,87656
6720plz,87657
6721plz,87659
6722plz,87660
6723plz,87662
6724plz,87663
6725plz,87665
6726plz,87666
6727plz,87668
6728plz,87669
6729plz,87671
6730plz,87672
6731plz,87674
6732plz,87675
6733plz,87677
6734plz,87679
6735plz,87700
6736plz,87719
6737plz,87724
6738plz,87727
6739plz,87730
6740plz,87733
6741plz,87734
6742plz,87736
6743plz,87737
6744plz,87739
6745plz,87740
6746plz,87742
6747plz,87743
6748plz,87745
6749plz,87746
6750plz,87748
6751plz,87749
6752plz,87751
6753plz,87752
6754plz,87754
6755plz,87755
6756plz,87757
6757plz,87758
6758plz,87760
6759plz,87761
6760plz,87763
6761plz,87764
6762plz,87766
6763plz,87767
6764plz,87769
6765plz,87770
6766plz,87772
6767plz,87773
6768plz,87775
6769plz,87776
6770plz,87778
6771plz,87779
6772plz,87781
6773plz,87782
6774plz,87784
6775plz,87785
6776plz,87787
6777plz,87789
6778plz,88045
6779plz,88046
6780plz,88048
6781plz,88069
6782plz,88074
6783plz,88079
6784plz,88085
6785plz,88090
6786plz,88094
6787plz,88097
6788plz,88099
6789plz,88131
6790plz,88138
6791plz,88142
6792plz,88145
6793plz,88147
6794plz,88149
6795plz,88161
6796plz,88167
6797plz,88171
6798plz,88175
6799plz,88178
6800plz,88179
6801plz,88212
6802plz,88213
6803plz,88214
6804plz,88239
6805plz,88250
6806plz,88255
6807plz,88260
6808plz,88263
6809plz,88267
6810plz,88271
6811plz,88273
6812plz,88276
6813plz,88279
6814plz,88281
6815plz,88284
6816plz,88285
6817plz,88287
6818plz,88289
6819plz,88299
6820plz,88316
6821plz,88317
6822plz,88319
6823plz,88326
6824plz,88339
6825plz,88348
6826plz,88353
6827plz,88356
6828plz,88361
6829plz,88364
6830plz,88367
6831plz,88368
6832plz,88370
6833plz,88371
6834plz,88373
6835plz,88374
6836plz,88376
6837plz,88377
6838plz,88379
6839plz,88400
6840plz,88410
6841plz,88416
6842plz,88422
6843plz,88427
6844plz,88430
6845plz,88433
6846plz,88436
6847plz,88437
6848plz,88441
6849plz,88444
6850plz,88447
6851plz,88448
6852plz,88450
6853plz,88451
6854plz,88453
6855plz,88454
6856plz,88456
6857plz,88457
6858plz,88459
6859plz,88471
6860plz,88477
6861plz,88480
6862plz,88481
6863plz,88483
6864plz,88484
6865plz,88486
6866plz,88487
6867plz,88489
6868plz,88499
6869plz,88512
6870plz,88515
6871plz,88518
6872plz,88521
6873plz,88524
6874plz,88525
6875plz,88527
6876plz,88529
6877plz,88605
6878plz,88630
6879plz,88631
6880plz,88633
6881plz,88634
6882plz,88636
6883plz,88637
6884plz,88639
6885plz,88662
6886plz,88677
6887plz,88682
6888plz,88690
6889plz,88693
6890plz,88696
6891plz,88697
6892plz,88699
6893plz,88709
6894plz,88718
6895plz,88719
6896plz,89073
6897plz,89075
6898plz,89077
6899plz,89079
6900plz,89081
6901plz,89129
6902plz,89134
6903plz,89143
6904plz,89150
6905plz,89155
6906plz,89160
6907plz,89165
6908plz,89168
6909plz,89171
6910plz,89173
6911plz,89174
6912plz,89176
6913plz,89177
6914plz,89179
6915plz,89180
6916plz,89182
6917plz,89183
6918plz,89185
6919plz,89186
6920plz,89188
6921plz,89189
6922plz,89191
6923plz,89192
6924plz,89194
6925plz,89195
6926plz,89197
6927plz,89198
6928plz,89231
6929plz,89233
6930plz,89250
6931plz,89257
6932plz,89264
6933plz,89269
6934plz,89275
6935plz,89278
6936plz,89281
6937plz,89284
6938plz,89287
6939plz,89290
6940plz,89291
6941plz,89293
6942plz,89294
6943plz,89296
6944plz,89297
6945plz,89299
6946plz,89312
6947plz,89331
6948plz,89335
6949plz,89340
6950plz,89343
6951plz,89344
6952plz,89346
6953plz,89347
6954plz,89349
6955plz,89350
6956plz,89352
6957plz,89353
6958plz,89355
6959plz,89356
6960plz,89358
6961plz,89359
6962plz,89361
6963plz,89362
6964plz,89364
6965plz,89365
6966plz,89367
6967plz,89368
6968plz,89407
6969plz,89415
6970plz,89420
6971plz,89423
6972plz,89426
6973plz,89428
6974plz,89429
6975plz,89431
6976plz,89434
6977plz,89435
6978plz,89437
6979plz,89438
6980plz,89440
6981plz,89441
6982plz,89443
6983plz,89446
6984plz,89447
6985plz,89518
6986plz,89520
6987plz,89522
6988plz,89537
6989plz,89542
6990plz,89547
6991plz,89551
6992plz,89555
6993plz,89558
6994plz,89561
6995plz,89564
6996plz,89567
6997plz,89568
6998plz,89584
6999plz,89597
7000plz,89601
7001plz,89604
7002plz,89605
7003plz,89607
7004plz,89608
7005plz,89610
7006plz,89611
7007plz,89613
7008plz,89614
7009plz,89616
7010plz,89617
7011plz,89619
7012plz,90402
7013plz,90403
7014plz,90408
7015plz,90409
7016plz,90411
7017plz,90419
7018plz,90425
7019plz,90427
7020plz,90429
7021plz,90431
7022plz,90439
7023plz,90441
7024plz,90443
7025plz,90449
7026plz,90451
7027plz,90453
7028plz,90455
7029plz,90459
7030plz,90461
7031plz,90469
7032plz,90471
7033plz,90473
7034plz,90475
7035plz,90478
7036plz,90480
7037plz,90482
7038plz,90489
7039plz,90491
7040plz,90513
7041plz,90518
7042plz,90522
7043plz,90530
7044plz,90537
7045plz,90542
7046plz,90547
7047plz,90552
7048plz,90556
7049plz,90559
7050plz,90562
7051plz,90571
7052plz,90574
7053plz,90579
7054plz,90584
7055plz,90587
7056plz,90592
7057plz,90596
7058plz,90599
7059plz,90602
7060plz,90607
7061plz,90610
7062plz,90613
7063plz,90614
7064plz,90616
7065plz,90617
7066plz,90619
7067plz,90762
7068plz,90763
7069plz,90765
7070plz,90766
7071plz,90768
7072plz,91052
7073plz,91054
7074plz,91056
7075plz,91058
7076plz,91074
7077plz,91077
7078plz,91080
7079plz,91083
7080plz,91085
7081plz,91086
7082plz,91088
7083plz,91090
7084plz,91091
7085plz,91093
7086plz,91094
7087plz,91096
7088plz,91097
7089plz,91099
7090plz,91126
7091plz,91154
7092plz,91161
7093plz,91166
7094plz,91171
7095plz,91174
7096plz,91177
7097plz,91180
7098plz,91183
7099plz,91186
7100plz,91187
7101plz,91189
7102plz,91207
7103plz,91217
7104plz,91220
7105plz,91224
7106plz,91227
7107plz,91230
7108plz,91233
7109plz,91235
7110plz,91236
7111plz,91238
7112plz,91239
7113plz,91241
7114plz,91242
7115plz,91244
7116plz,91245
7117plz,91247
7118plz,91249
7119plz,91257
7120plz,91275
7121plz,91278
7122plz,91281
7123plz,91282
7124plz,91284
7125plz,91286
7126plz,91287
7127plz,91289
7128plz,91301
7129plz,91315
7130plz,91320
7131plz,91322
7132plz,91325
7133plz,91327
7134plz,91330
7135plz,91332
7136plz,91334
7137plz,91336
7138plz,91338
7139plz,91341
7140plz,91344
7141plz,91346
7142plz,91347
7143plz,91349
7144plz,91350
7145plz,91352
7146plz,91353
7147plz,91355
7148plz,91356
7149plz,91358
7150plz,91359
7151plz,91361
7152plz,91362
7153plz,91364
7154plz,91365
7155plz,91367
7156plz,91369
7157plz,91413
7158plz,91438
7159plz,91443
7160plz,91448
7161plz,91452
7162plz,91456
7163plz,91459
7164plz,91460
7165plz,91462
7166plz,91463
7167plz,91465
7168plz,91466
7169plz,91468
7170plz,91469
7171plz,91471
7172plz,91472
7173plz,91474
7174plz,91475
7175plz,91477
7176plz,91478
7177plz,91480
7178plz,91481
7179plz,91483
7180plz,91484
7181plz,91486
7182plz,91487
7183plz,91489
7184plz,91522
7185plz,91541
7186plz,91550
7187plz,91555
7188plz,91560
7189plz,91564
7190plz,91567
7191plz,91572
7192plz,91575
7193plz,91578
7194plz,91580
7195plz,91583
7196plz,91586
7197plz,91587
7198plz,91589
7199plz,91590
7200plz,91592
7201plz,91593
7202plz,91595
7203plz,91596
7204plz,91598
7205plz,91599
7206plz,91601
7207plz,91602
7208plz,91604
7209plz,91605
7210plz,91607
7211plz,91608
7212plz,91610
7213plz,91611
7214plz,91613
7215plz,91614
7216plz,91616
7217plz,91617
7218plz,91619
7219plz,91620
7220plz,91622
7221plz,91623
7222plz,91625
7223plz,91626
7224plz,91628
7225plz,91629
7226plz,91631
7227plz,91632
7228plz,91634
7229plz,91635
7230plz,91637
7231plz,91639
7232plz,91710
7233plz,91717
7234plz,91719
7235plz,91720
7236plz,91722
7237plz,91723
7238plz,91725
7239plz,91726
7240plz,91728
7241plz,91729
7242plz,91731
7243plz,91732
7244plz,91734
7245plz,91735
7246plz,91737
7247plz,91738
7248plz,91740
7249plz,91741
7250plz,91743
7251plz,91744
7252plz,91746
7253plz,91747
7254plz,91749
7255plz,91757
7256plz,91781
7257plz,91785
7258plz,91788
7259plz,91790
7260plz,91792
7261plz,91793
7262plz,91795
7263plz,91796
7264plz,91798
7265plz,91799
7266plz,91801
7267plz,91802
7268plz,91804
7269plz,91805
7270plz,91807
7271plz,91809
7272plz,92224
7273plz,92237
7274plz,92242
7275plz,92245
7276plz,92249
7277plz,92253
7278plz,92256
7279plz,92259
7280plz,92260
7281plz,92262
7282plz,92263
7283plz,92265
7284plz,92266
7285plz,92268
7286plz,92269
7287plz,92271
7288plz,92272
7289plz,92274
7290plz,92275
7291plz,92277
7292plz,92278
7293plz,92280
7294plz,92281
7295plz,92283
7296plz,92284
7297plz,92286
7298plz,92287
7299plz,92289
7300plz,92318
7301plz,92331
7302plz,92334
7303plz,92339
7304plz,92342
7305plz,92345
7306plz,92348
7307plz,92353
7308plz,92355
7309plz,92358
7310plz,92360
7311plz,92361
7312plz,92363
7313plz,92364
7314plz,92366
7315plz,92367
7316plz,92369
7317plz,92421
7318plz,92431
7319plz,92436
7320plz,92439
7321plz,92442
7322plz,92444
7323plz,92445
7324plz,92447
7325plz,92449
7326plz,92507
7327plz,92521
7328plz,92526
7329plz,92533
7330plz,92536
7331plz,92539
7332plz,92540
7333plz,92542
7334plz,92543
7335plz,92545
7336plz,92546
7337plz,92548
7338plz,92549
7339plz,92551
7340plz,92552
7341plz,92554
7342plz,92555
7343plz,92557
7344plz,92559
7345plz,92637
7346plz,92648
7347plz,92655
7348plz,92660
7349plz,92665
7350plz,92670
7351plz,92676
7352plz,92681
7353plz,92685
7354plz,92690
7355plz,92693
7356plz,92694
7357plz,92696
7358plz,92697
7359plz,92699
7360plz,92700
7361plz,92702
7362plz,92703
7363plz,92705
7364plz,92706
7365plz,92708
7366plz,92709
7367plz,92711
7368plz,92712
7369plz,92714
7370plz,92715
7371plz,92717
7372plz,92718
7373plz,92720
7374plz,92721
7375plz,92723
7376plz,92724
7377plz,92726
7378plz,92727
7379plz,92729
7380plz,93047
7381plz,93049
7382plz,93051
7383plz,93053
7384plz,93055
7385plz,93057
7386plz,93059
7387plz,93073
7388plz,93077
7389plz,93080
7390plz,93083
7391plz,93086
7392plz,93087
7393plz,93089
7394plz,93090
7395plz,93092
7396plz,93093
7397plz,93095
7398plz,93096
7399plz,93098
7400plz,93099
7401plz,93101
7402plz,93102
7403plz,93104
7404plz,93105
7405plz,93107
7406plz,93109
7407plz,93128
7408plz,93133
7409plz,93138
7410plz,93142
7411plz,93149
7412plz,93152
7413plz,93155
7414plz,93158
7415plz,93161
7416plz,93164
7417plz,93167
7418plz,93170
7419plz,93173
7420plz,93176
7421plz,93177
7422plz,93179
7423plz,93180
7424plz,93182
7425plz,93183
7426plz,93185
7427plz,93186
7428plz,93188
7429plz,93189
7430plz,93191
7431plz,93192
7432plz,93194
7433plz,93195
7434plz,93197
7435plz,93199
7436plz,93309
7437plz,93326
7438plz,93333
7439plz,93336
7440plz,93339
7441plz,93342
7442plz,93343
7443plz,93345
7444plz,93346
7445plz,93348
7446plz,93349
7447plz,93351
7448plz,93352
7449plz,93354
7450plz,93356
7451plz,93358
7452plz,93359
7453plz,93413
7454plz,93426
7455plz,93437
7456plz,93444
7457plz,93449
7458plz,93453
7459plz,93455
7460plz,93458
7461plz,93462
7462plz,93464
7463plz,93466
7464plz,93468
7465plz,93470
7466plz,93471
7467plz,93473
7468plz,93474
7469plz,93476
7470plz,93477
7471plz,93479
7472plz,93480
7473plz,93482
7474plz,93483
7475plz,93485
7476plz,93486
7477plz,93488
7478plz,93489
7479plz,93491
7480plz,93492
7481plz,93494
7482plz,93495
7483plz,93497
7484plz,93499
7485plz,94032
7486plz,94034
7487plz,94036
7488plz,94051
7489plz,94060
7490plz,94065
7491plz,94072
7492plz,94078
7493plz,94081
7494plz,94086
7495plz,94089
7496plz,94094
7497plz,94099
7498plz,94104
7499plz,94107
7500plz,94110
7501plz,94113
7502plz,94116
7503plz,94118
7504plz,94121
7505plz,94124
7506plz,94127
7507plz,94130
7508plz,94133
7509plz,94136
7510plz,94137
7511plz,94139
7512plz,94140
7513plz,94142
7514plz,94143
7515plz,94145
7516plz,94146
7517plz,94148
7518plz,94149
7519plz,94151
7520plz,94152
7521plz,94154
7522plz,94157
7523plz,94158
7524plz,94160
7525plz,94161
7526plz,94163
7527plz,94164
7528plz,94166
7529plz,94167
7530plz,94169
7531plz,94209
7532plz,94227
7533plz,94234
7534plz,94239
7535plz,94244
7536plz,94249
7537plz,94250
7538plz,94252
7539plz,94253
7540plz,94255
7541plz,94256
7542plz,94258
7543plz,94259
7544plz,94261
7545plz,94262
7546plz,94264
7547plz,94265
7548plz,94267
7549plz,94269
7550plz,94315
7551plz,94327
7552plz,94330
7553plz,94333
7554plz,94336
7555plz,94339
7556plz,94342
7557plz,94344
7558plz,94345
7559plz,94347
7560plz,94348
7561plz,94350
7562plz,94351
7563plz,94353
7564plz,94354
7565plz,94356
7566plz,94357
7567plz,94359
7568plz,94360
7569plz,94362
7570plz,94363
7571plz,94365
7572plz,94366
7573plz,94368
7574plz,94369
7575plz,94371
7576plz,94372
7577plz,94374
7578plz,94375
7579plz,94377
7580plz,94379
7581plz,94405
7582plz,94419
7583plz,94424
7584plz,94428
7585plz,94431
7586plz,94436
7587plz,94437
7588plz,94439
7589plz,94447
7590plz,94469
7591plz,94474
7592plz,94481
7593plz,94486
7594plz,94491
7595plz,94496
7596plz,94501
7597plz,94505
7598plz,94508
7599plz,94513
7600plz,94518
7601plz,94522
7602plz,94526
7603plz,94527
7604plz,94529
7605plz,94530
7606plz,94532
7607plz,94533
7608plz,94535
7609plz,94536
7610plz,94538
7611plz,94539
7612plz,94541
7613plz,94542
7614plz,94544
7615plz,94545
7616plz,94547
7617plz,94548
7618plz,94550
7619plz,94551
7620plz,94553
7621plz,94554
7622plz,94556
7623plz,94557
7624plz,94559
7625plz,94560
7626plz,94562
7627plz,94563
7628plz,94566
7629plz,94568
7630plz,94569
7631plz,94571
7632plz,94572
7633plz,94574
7634plz,94575
7635plz,94577
7636plz,94579
7637plz,95028
7638plz,95030
7639plz,95032
7640plz,95100
7641plz,95111
7642plz,95119
7643plz,95126
7644plz,95131
7645plz,95138
7646plz,95145
7647plz,95152
7648plz,95158
7649plz,95163
7650plz,95168
7651plz,95173
7652plz,95176
7653plz,95179
7654plz,95180
7655plz,95182
7656plz,95183
7657plz,95185
7658plz,95186
7659plz,95188
7660plz,95189
7661plz,95191
7662plz,95192
7663plz,95194
7664plz,95195
7665plz,95197
7666plz,95199
7667plz,95213
7668plz,95233
7669plz,95234
7670plz,95236
7671plz,95237
7672plz,95239
7673plz,95326
7674plz,95336
7675plz,95339
7676plz,95346
7677plz,95349
7678plz,95352
7679plz,95355
7680plz,95356
7681plz,95358
7682plz,95359
7683plz,95361
7684plz,95362
7685plz,95364
7686plz,95365
7687plz,95367
7688plz,95369
7689plz,95444
7690plz,95445
7691plz,95447
7692plz,95448
7693plz,95460
7694plz,95463
7695plz,95466
7696plz,95469
7697plz,95473
7698plz,95478
7699plz,95482
7700plz,95485
7701plz,95488
7702plz,95490
7703plz,95491
7704plz,95493
7705plz,95494
7706plz,95496
7707plz,95497
7708plz,95499
7709plz,95500
7710plz,95502
7711plz,95503
7712plz,95505
7713plz,95506
7714plz,95508
7715plz,95509
7716plz,95511
7717plz,95512
7718plz,95514
7719plz,95515
7720plz,95517
7721plz,95519
7722plz,95615
7723plz,95632
7724plz,95643
7725plz,95652
7726plz,95659
7727plz,95666
7728plz,95671
7729plz,95676
7730plz,95679
7731plz,95680
7732plz,95682
7733plz,95683
7734plz,95685
7735plz,95686
7736plz,95688
7737plz,95689
7738plz,95691
7739plz,95692
7740plz,95694
7741plz,95695
7742plz,95697
7743plz,95698
7744plz,95700
7745plz,95701
7746plz,95703
7747plz,95704
7748plz,95706
7749plz,95707
7750plz,95709
7751plz,96047
7752plz,96049
7753plz,96050
7754plz,96052
7755plz,96103
7756plz,96106
7757plz,96110
7758plz,96114
7759plz,96117
7760plz,96120
7761plz,96123
7762plz,96126
7763plz,96129
7764plz,96132
7765plz,96135
7766plz,96138
7767plz,96142
7768plz,96145
7769plz,96146
7770plz,96148
7771plz,96149
7772plz,96151
7773plz,96152
7774plz,96154
7775plz,96155
7776plz,96157
7777plz,96158
7778plz,96160
7779plz,96161
7780plz,96163
7781plz,96164
7782plz,96166
7783plz,96167
7784plz,96169
7785plz,96170
7786plz,96172
7787plz,96173
7788plz,96175
7789plz,96176
7790plz,96178
7791plz,96179
7792plz,96181
7793plz,96182
7794plz,96184
7795plz,96185
7796plz,96187
7797plz,96188
7798plz,96190
7799plz,96191
7800plz,96193
7801plz,96194
7802plz,96196
7803plz,96197
7804plz,96199
7805plz,96215
7806plz,96224
7807plz,96231
7808plz,96237
7809plz,96242
7810plz,96247
7811plz,96250
7812plz,96253
7813plz,96257
7814plz,96260
7815plz,96264
7816plz,96268
7817plz,96269
7818plz,96271
7819plz,96272
7820plz,96274
7821plz,96275
7822plz,96277
7823plz,96279
7824plz,96317
7825plz,96328
7826plz,96332
7827plz,96337
7828plz,96342
7829plz,96346
7830plz,96349
7831plz,96352
7832plz,96355
7833plz,96358
7834plz,96361
7835plz,96364
7836plz,96365
7837plz,96367
7838plz,96369
7839plz,96450
7840plz,96465
7841plz,96472
7842plz,96476
7843plz,96479
7844plz,96482
7845plz,96484
7846plz,96486
7847plz,96487
7848plz,96489
7849plz,96515
7850plz,96523
7851plz,96524
7852plz,96528
7853plz,97070
7854plz,97072
7855plz,97074
7856plz,97076
7857plz,97078
7858plz,97080
7859plz,97082
7860plz,97084
7861plz,97199
7862plz,97204
7863plz,97209
7864plz,97215
7865plz,97218
7866plz,97222
7867plz,97225
7868plz,97228
7869plz,97230
7870plz,97232
7871plz,97234
7872plz,97236
7873plz,97237
7874plz,97239
7875plz,97241
7876plz,97243
7877plz,97244
7878plz,97246
7879plz,97247
7880plz,97249
7881plz,97250
7882plz,97252
7883plz,97253
7884plz,97255
7885plz,97256
7886plz,97258
7887plz,97259
7888plz,97261
7889plz,97262
7890plz,97264
7891plz,97265
7892plz,97267
7893plz,97268
7894plz,97270
7895plz,97271
7896plz,97273
7897plz,97274
7898plz,97276
7899plz,97277
7900plz,97279
7901plz,97280
7902plz,97282
7903plz,97283
7904plz,97285
7905plz,97286
7906plz,97288
7907plz,97289
7908plz,97291
7909plz,97292
7910plz,97294
7911plz,97295
7912plz,97297
7913plz,97299
7914plz,97318
7915plz,97320
7916plz,97332
7917plz,97334
7918plz,97337
7919plz,97340
7920plz,97342
7921plz,97346
7922plz,97348
7923plz,97350
7924plz,97353
7925plz,97355
7926plz,97357
7927plz,97359
7928plz,97421
7929plz,97422
7930plz,97424
7931plz,97437
7932plz,97440
7933plz,97447
7934plz,97450
7935plz,97453
7936plz,97456
7937plz,97461
7938plz,97464
7939plz,97469
7940plz,97475
7941plz,97478
7942plz,97483
7943plz,97486
7944plz,97488
7945plz,97490
7946plz,97491
7947plz,97493
7948plz,97494
7949plz,97496
7950plz,97497
7951plz,97499
7952plz,97500
7953plz,97502
7954plz,97503
7955plz,97505
7956plz,97506
7957plz,97508
7958plz,97509
7959plz,97511
7960plz,97513
7961plz,97514
7962plz,97516
7963plz,97517
7964plz,97519
7965plz,97520
7966plz,97522
7967plz,97523
7968plz,97525
7969plz,97526
7970plz,97528
7971plz,97529
7972plz,97531
7973plz,97532
7974plz,97534
7975plz,97535
7976plz,97537
7977plz,97539
7978plz,97616
7979plz,97618
7980plz,97631
7981plz,97633
7982plz,97638
7983plz,97640
7984plz,97645
7985plz,97647
7986plz,97650
7987plz,97653
7988plz,97654
7989plz,97656
7990plz,97657
7991plz,97659
7992plz,97688
7993plz,97702
7994plz,97705
7995plz,97708
7996plz,97711
7997plz,97714
7998plz,97717
7999plz,97720
8000plz,97723
8001plz,97724
8002plz,97725
8003plz,97727
8004plz,97729
8005plz,97737
8006plz,97753
8007plz,97762
8008plz,97769
8009plz,97772
8010plz,97773
8011plz,97775
8012plz,97776
8013plz,97778
8014plz,97779
8015plz,97780
8016plz,97782
8017plz,97783
8018plz,97785
8019plz,97786
8020plz,97788
8021plz,97789
8022plz,97791
8023plz,97792
8024plz,97794
8025plz,97795
8026plz,97797
8027plz,97799
8028plz,97816
8029plz,97828
8030plz,97833
8031plz,97834
8032plz,97836
8033plz,97837
8034plz,97839
8035plz,97840
8036plz,97842
8037plz,97843
8038plz,97845
8039plz,97846
8040plz,97848
8041plz,97849
8042plz,97851
8043plz,97852
8044plz,97854
8045plz,97855
8046plz,97857
8047plz,97859
8048plz,97877
8049plz,97892
8050plz,97896
8051plz,97900
8052plz,97901
8053plz,97903
8054plz,97904
8055plz,97906
8056plz,97907
8057plz,97909
8058plz,97922
8059plz,97941
8060plz,97944
8061plz,97947
8062plz,97950
8063plz,97953
8064plz,97956
8065plz,97957
8066plz,97959
8067plz,97980
8068plz,97990
8069plz,97993
8070plz,97996
8071plz,97999
8072plz,98527
8073plz,98528
8074plz,98529
8075plz,98530
8076plz,98544
8077plz,98547
8078plz,98553
8079plz,98554
8080plz,98559
8081plz,98574
8082plz,98587
8083plz,98590
8084plz,98593
8085plz,98596
8086plz,98597
8087plz,98617
8088plz,98630
8089plz,98631
8090plz,98634
8091plz,98639
8092plz,98646
8093plz,98660
8094plz,98663
8095plz,98666
8096plz,98667
8097plz,98669
8098plz,98673
8099plz,98678
8100plz,98693
8101plz,98701
8102plz,98704
8103plz,98708
8104plz,98711
8105plz,98714
8106plz,98716
8107plz,98724
8108plz,98739
8109plz,98743
8110plz,98744
8111plz,98746
8112plz,99084
8113plz,99085
8114plz,99086
8115plz,99087
8116plz,99089
8117plz,99090
8118plz,99091
8119plz,99092
8120plz,99094
8121plz,99095
8122plz,99096
8123plz,99097
8124plz,99098
8125plz,99099
8126plz,99100
8127plz,99102
8128plz,99189
8129plz,99192
8130plz,99195
8131plz,99198
8132plz,99310
8133plz,99326
8134plz,99330
8135plz,99334
8136plz,99338
8137plz,99423
8138plz,99425
8139plz,99427
8140plz,99428
8141plz,99438
8142plz,99439
8143plz,99441
8144plz,99444
8145plz,99448
8146plz,99510
8147plz,99518
8148plz,99610
8149plz,99625
8150plz,99628
8151plz,99631
8152plz,99634
8153plz,99636
8154plz,99638
8155plz,99706
8156plz,99707
8157plz,99713
8158plz,99718
8159plz,99734
8160plz,99735
8161plz,99752
8162plz,99755
8163plz,99759
8164plz,99762
8165plz,99765
8166plz,99768
8167plz,99817
8168plz,99819
8169plz,99820
8170plz,99826
8171plz,99830
8172plz,99831
8173plz,99834
8174plz,99837
8175plz,99842
8176plz,99846
8177plz,99848
8178plz,99867
8179plz,99869
8180plz,99880
8181plz,99885
8182plz,99887
8183plz,99891
8184plz,99894
8185plz,99897
8186plz,99947
8187plz,99955
8188plz,99958
8189plz,99974
8190plz,99976
8191plz,99986
8192plz,99988
8193plz,99991
8194plz,99994
8195plz,99996
8196plz,99998
